DT_GERACAO,HH_GERACAO,ANO_ELEICAO,NR_TURNO,DS_ELEICAO,SG_UF,SG_UE,CD_CARGO,NR_CANDIDATO,SQ_CANDIDATO,NM_CANDIDATO,NM_URNA_CANDIDATO,DS_CARGO,CD_SIT_CAND_SUPERIOR,DS_SIT_CAND_SUPERIOR,CD_SIT_CANDIDATO,DS_SIT_CANDIDATO,CD_SIT_CAND_TOT,DS_SIT_CAND_TOT,NR_PARTIDO,SG_PARTIDO,NM_PARTIDO,SQ_LEGENDA,NM_COLIGACAO,DS_COMPOSICAO_COLIGACAO,QT_VOTOS_NOMINAIS,CD_GENERO,DS_GENERO,CD_TIPO_ELEICAO,NM_TIPO_ELEICAO,TP_ABRANGENCIA,CD_MUNICIPIO,NR_ZONA,NR_IDADE_DATA_POSSE,DT_NASCIMENTO,NR_TITULO_ELEITORAL_CANDIDATO,NM_SOCIAL_CANDIDATO,CD_DETALHE_SITUACAO_CAND,DS_DETALHE_SITUACAO_CAND,CD_CBO,CD_MUN_IBGE
24/4/2014,19:52:11,1990,1,ELEICOES 1990,AC,AC,3,11,-1,EDMUNDO PINTO DE ALMEIDA NETO,NULO,GOVERNADOR,-1,NULO,2,DEFERIDO,3,2o TURNO,11,PDS,PARTIDO DEMOCRATICO SOCIAL,-1,NULO,PDS,35228,2,MASCULINO,2,ELEICOES ORDINARIAS,ESTADUAIS,-1,-1,-1,NULO,-1,NULO,-1,NULO,-1,-1
24/4/2014,19:52:11,1990,1,ELEICOES 1990,AC,AC,3,13,-1,JORGE NEY MACEDO NEVES,NULO,GOVERNADOR,-1,NULO,2,DEFERIDO,3,2o TURNO,13,PT,PARTIDO DOS TRABALHADORES,-1,FRENTE POPULAR DO ACRE,PDT /  PT / PCB / PCdoB,34868,2,MASCULINO,2,ELEICOES ORDINARIAS,ESTADUAIS,-1,-1,-1,NULO,-1,NULO,-1,NULO,-1,-1
24/4/2014,19:52:11,1990,1,ELEICOES 1990,AC,AC,3,15,-1,OSMIR D'ALBUQUERQUE LIMA FILHO,NULO,GOVERNADOR,-1,NULO,2,DEFERIDO,4,NAO ELEITO,15,PMDB,PARTIDO DO MOVIMENTO DEMOCRATICO BRASILEIRO,-1,NULO,PMDB,27252,2,MASCULINO,2,ELEICOES ORDINARIAS,ESTADUAIS,-1,-1,-1,NULO,-1,NULO,-1,NULO,-1,-1
24/4/2014,19:52:11,1990,1,ELEICOES 1990,AC,AC,3,22,-1,RUBEM SOARES BRANQUINHO,NULO,GOVERNADOR,-1,NULO,2,DEFERIDO,4,NAO ELEITO,22,PL,PARTIDO LIBERAL,-1,NULO,PTB / PDC / PL / PTR / PRN,23669,2,MASCULINO,2,ELEICOES ORDINARIAS,ESTADUAIS,-1,-1,-1,NULO,-1,NULO,-1,NULO,-1,-1
24/4/2014,19:52:11,1990,1,ELEICOES 1990,AC,AC,3,45,-1,RESSINI JARUDE,NULO,GOVERNADOR,-1,NULO,2,DEFERIDO,4,NAO ELEITO,45,PSDB,PARTIDO DA SOCIAL DEMOCRACIA BRASILEIRA,-1,NULO,PSDB,2006,-1,NULO,2,ELEICOES ORDINARIAS,ESTADUAIS,-1,-1,-1,NULO,-1,NULO,-1,NULO,-1,-1
24/4/2014,19:52:11,1990,2,ELEICOES 1990,AC,AC,3,11,-1,EDMUNDO PINTO DE ALMEIDA NETO,NULO,GOVERNADOR,-1,NULO,2,DEFERIDO,1,ELEITO,11,PDS,PARTIDO DEMOCRATICO SOCIAL,-1,NULO,PDS,71876,2,MASCULINO,2,ELEICOES ORDINARIAS,ESTADUAIS,-1,-1,-1,NULO,-1,NULO,-1,NULO,-1,-1
24/4/2014,19:52:11,1990,2,ELEICOES 1990,AC,AC,3,13,-1,JORGE NEY MACEDO NEVES,NULO,GOVERNADOR,-1,NULO,2,DEFERIDO,4,NAO ELEITO,13,PT,PARTIDO DOS TRABALHADORES,-1,FRENTE POPULAR DO ACRE,PDT /  PT / PCB / PCdoB,59741,2,MASCULINO,2,ELEICOES ORDINARIAS,ESTADUAIS,-1,-1,-1,NULO,-1,NULO,-1,NULO,-1,-1
24/4/2014,19:52:11,1990,1,ELEICOES 1990,AC,AC,5,111,-1,IOLANDA FERREIRA LIMA,NULO,SENADOR,-1,NULO,2,DEFERIDO,4,NAO ELEITO,11,PDS,PARTIDO DEMOCRATICO SOCIAL,-1,NULO,PDS,11220,4,FEMININO,2,ELEICOES ORDINARIAS,ESTADUAIS,-1,-1,-1,NULO,-1,NULO,-1,NULO,-1,-1
24/4/2014,19:52:11,1990,1,ELEICOES 1990,AC,AC,5,121,-1,MARIO MAIA,NULO,SENADOR,-1,NULO,2,DEFERIDO,4,NAO ELEITO,12,PDT,PARTIDO DEMOCRATICO TRABALHISTA,-1,FRENTE POPULAR DO ACRE,PDT / PT / PCB /  PCdoB,29752,2,MASCULINO,2,ELEICOES ORDINARIAS,ESTADUAIS,-1,-1,-1,NULO,-1,NULO,-1,NULO,-1,-1
24/4/2014,19:52:11,1990,1,ELEICOES 1990,AC,AC,5,151,-1,FLAVIANO FLAVIO BAPTISTA DE MELO,NULO,SENADOR,-1,NULO,2,DEFERIDO,1,ELEITO,15,PMDB,PARTIDO DO MOVIMENTO DEMOCRATICO BRASILEIRO,-1,NULO,PMDB,34455,2,MASCULINO,2,ELEICOES ORDINARIAS,ESTADUAIS,-1,-1,-1,NULO,-1,NULO,-1,NULO,-1,-1
24/4/2014,19:52:11,1990,1,ELEICOES 1990,AC,AC,5,251,-1,NARCISO MENDES DE ASSIS,NULO,SENADOR,-1,NULO,2,DEFERIDO,4,NAO ELEITO,25,PFL,PARTIDO DA FRENTE LIBERAL ,-1,NULO,PFL,20445,2,MASCULINO,2,ELEICOES ORDINARIAS,ESTADUAIS,-1,-1,-1,NULO,-1,NULO,-1,NULO,-1,-1
24/4/2014,19:52:11,1990,1,ELEICOES 1990,AC,AC,5,361,-1,ZAMIR JOSE TEIXEIRA,NULO,SENADOR,-1,NULO,2,DEFERIDO,4,NAO ELEITO,36,PRN,PARTIDO DA RECONSTRUCAO NACIONAL,-1,NULO,PTB / PDC / PL / PTR /  PRN,12696,2,MASCULINO,2,ELEICOES ORDINARIAS,ESTADUAIS,-1,-1,-1,NULO,-1,NULO,-1,NULO,-1,-1
24/4/2014,19:52:11,1990,1,ELEICOES 1990,AC,AC,5,451,-1,ANTONIO CARLOS CARBONE,NULO,SENADOR,-1,NULO,2,DEFERIDO,4,NAO ELEITO,15,PMDB,PARTIDO DO MOVIMENTO DEMOCRATICO BRASILEIRO,-1,NULO,PMDB,1552,2,MASCULINO,2,ELEICOES ORDINARIAS,ESTADUAIS,-1,-1,-1,NULO,-1,NULO,-1,NULO,-1,-1
24/4/2014,19:52:11,1990,1,ELEICOES 1990,AC,AC,6,1101,-1,JOAO BATISTA DE AGUIAR FILHO,NULO,DEPUTADO FEDERAL,-1,NULO,2,DEFERIDO,2,SUPLENTE,11,PDS,PARTIDO DEMOCRATICO SOCIAL,-1,NULO,PDS,433,2,MASCULINO,2,ELEICOES ORDINARIAS,ESTADUAIS,-1,-1,-1,NULO,-1,NULO,-1,NULO,-1,-1
24/4/2014,19:52:11,1990,1,ELEICOES 1990,AC,AC,6,1102,-1,NOSSER ALMEIDA TOBU,NULO,DEPUTADO FEDERAL,-1,NULO,2,DEFERIDO,2,SUPLENTE,11,PDS,PARTIDO DEMOCRATICO SOCIAL,-1,NULO,PDS,654,-1,NULO,2,ELEICOES ORDINARIAS,ESTADUAIS,-1,-1,-1,NULO,-1,NULO,-1,NULO,-1,-1
24/4/2014,19:52:11,1990,1,ELEICOES 1990,AC,AC,6,1103,-1,PEDRO GETULIO ALVES YARZON,NULO,DEPUTADO FEDERAL,-1,NULO,2,DEFERIDO,2,SUPLENTE,11,PDS,PARTIDO DEMOCRATICO SOCIAL,-1,NULO,PDS,686,2,MASCULINO,2,ELEICOES ORDINARIAS,ESTADUAIS,-1,-1,-1,NULO,-1,NULO,-1,NULO,-1,-1
24/4/2014,19:52:11,1990,1,ELEICOES 1990,AC,AC,6,1104,-1,FRANCISCO GENESIO DE OLIVEIRA,NULO,DEPUTADO FEDERAL,-1,NULO,2,DEFERIDO,2,SUPLENTE,11,PDS,PARTIDO DEMOCRATICO SOCIAL,-1,NULO,PDS,265,2,MASCULINO,2,ELEICOES ORDINARIAS,ESTADUAIS,-1,-1,-1,NULO,-1,NULO,-1,NULO,-1,-1
24/4/2014,19:52:11,1990,1,ELEICOES 1990,AC,AC,6,1105,-1,JOSE CARLOS BARBOSA DE OLIVEIRA,NULO,DEPUTADO FEDERAL,-1,NULO,2,DEFERIDO,2,SUPLENTE,11,PDS,PARTIDO DEMOCRATICO SOCIAL,-1,NULO,PDS,207,2,MASCULINO,2,ELEICOES ORDINARIAS,ESTADUAIS,-1,-1,-1,NULO,-1,NULO,-1,NULO,-1,-1
24/4/2014,19:52:11,1990,1,ELEICOES 1990,AC,AC,6,1106,-1,ANTONIO AQUINO LOPES,NULO,DEPUTADO FEDERAL,-1,NULO,2,DEFERIDO,2,SUPLENTE,11,PDS,PARTIDO DEMOCRATICO SOCIAL,-1,NULO,PDS,1382,2,MASCULINO,2,ELEICOES ORDINARIAS,ESTADUAIS,-1,-1,-1,NULO,-1,NULO,-1,NULO,-1,-1
24/4/2014,19:52:11,1990,1,ELEICOES 1990,AC,AC,6,1107,-1,OMAR SABINO DE PAULA,NULO,DEPUTADO FEDERAL,-1,NULO,2,DEFERIDO,2,SUPLENTE,11,PDS,PARTIDO DEMOCRATICO SOCIAL,-1,NULO,PDS,241,2,MASCULINO,2,ELEICOES ORDINARIAS,ESTADUAIS,-1,-1,-1,NULO,-1,NULO,-1,NULO,-1,-1
24/4/2014,19:52:11,1990,1,ELEICOES 1990,AC,AC,6,1108,-1,EMILIO ASSMAR SOBRINHO,NULO,DEPUTADO FEDERAL,-1,NULO,2,DEFERIDO,2,SUPLENTE,11,PDS,PARTIDO DEMOCRATICO SOCIAL,-1,NULO,PDS,1991,2,MASCULINO,2,ELEICOES ORDINARIAS,ESTADUAIS,-1,-1,-1,NULO,-1,NULO,-1,NULO,-1,-1
24/4/2014,19:52:11,1990,1,ELEICOES 1990,AC,AC,6,1110,-1,AURICELIA FREITAS DE ASSIS,NULO,DEPUTADO FEDERAL,-1,NULO,2,DEFERIDO,1,ELEITO,11,PDS,PARTIDO DEMOCRATICO SOCIAL,-1,NULO,PDS,5394,4,FEMININO,2,ELEICOES ORDINARIAS,ESTADUAIS,-1,-1,-1,NULO,-1,NULO,-1,NULO,-1,-1
24/4/2014,19:52:11,1990,1,ELEICOES 1990,AC,AC,6,1111,-1,JOAO SOARES DE FIGUEIREDO,NULO,DEPUTADO FEDERAL,-1,NULO,2,DEFERIDO,1,ELEITO,11,PDS,PARTIDO DEMOCRATICO SOCIAL,-1,NULO,PDS,6415,2,MASCULINO,2,ELEICOES ORDINARIAS,ESTADUAIS,-1,-1,-1,NULO,-1,NULO,-1,NULO,-1,-1
24/4/2014,19:52:11,1990,1,ELEICOES 1990,AC,AC,6,1112,-1,RAIMUNDO SILVA,NULO,DEPUTADO FEDERAL,-1,NULO,2,DEFERIDO,2,SUPLENTE,11,PDS,PARTIDO DEMOCRATICO SOCIAL,-1,NULO,PDS,311,2,MASCULINO,2,ELEICOES ORDINARIAS,ESTADUAIS,-1,-1,-1,NULO,-1,NULO,-1,NULO,-1,-1
24/4/2014,19:52:11,1990,1,ELEICOES 1990,AC,AC,6,1122,-1,FRANCISCO DIOGENES DE ARAUJO,NULO,DEPUTADO FEDERAL,-1,NULO,2,DEFERIDO,1,ELEITO,11,PDS,PARTIDO DEMOCRATICO SOCIAL,-1,NULO,PDS,3239,2,MASCULINO,2,ELEICOES ORDINARIAS,ESTADUAIS,-1,-1,-1,NULO,-1,NULO,-1,NULO,-1,-1
24/4/2014,19:52:11,1990,1,ELEICOES 1990,AC,AC,6,1210,-1,JOSE EDMILSON GOMES FIGUEIREDO,NULO,DEPUTADO FEDERAL,-1,NULO,2,DEFERIDO,4,NAO ELEITO,12,PDT,PARTIDO DEMOCRATICO TRABALHISTA,-1,FRENTE POPULAR DO ACRE,PDT / PT / PCB /  PCdoB,499,2,MASCULINO,2,ELEICOES ORDINARIAS,ESTADUAIS,-1,-1,-1,NULO,-1,NULO,-1,NULO,-1,-1
24/4/2014,19:52:11,1990,1,ELEICOES 1990,AC,AC,6,1212,-1,JOSE BIBIANO DE QUEIROZ,NULO,DEPUTADO FEDERAL,-1,NULO,2,DEFERIDO,4,NAO ELEITO,12,PDT,PARTIDO DEMOCRATICO TRABALHISTA,-1,FRENTE POPULAR DO ACRE,PDT / PT / PCB /  PCdoB,227,2,MASCULINO,2,ELEICOES ORDINARIAS,ESTADUAIS,-1,-1,-1,NULO,-1,NULO,-1,NULO,-1,-1
24/4/2014,19:52:11,1990,1,ELEICOES 1990,AC,AC,6,1213,-1,FRANCISCO THAUMATURGO FILHO,NULO,DEPUTADO FEDERAL,-1,NULO,2,DEFERIDO,4,NAO ELEITO,12,PDT,PARTIDO DEMOCRATICO TRABALHISTA,-1,FRENTE POPULAR DO ACRE,PDT / PT / PCB /  PCdoB,922,2,MASCULINO,2,ELEICOES ORDINARIAS,ESTADUAIS,-1,-1,-1,NULO,-1,NULO,-1,NULO,-1,-1
24/4/2014,19:52:11,1990,1,ELEICOES 1990,AC,AC,6,1216,-1,OBED MORENO DA SILVA,NULO,DEPUTADO FEDERAL,-1,NULO,2,DEFERIDO,4,NAO ELEITO,12,PDT,PARTIDO DEMOCRATICO TRABALHISTA,-1,FRENTE POPULAR DO ACRE,PDT / PT / PCB /  PCdoB,419,2,MASCULINO,2,ELEICOES ORDINARIAS,ESTADUAIS,-1,-1,-1,NULO,-1,NULO,-1,NULO,-1,-1
24/4/2014,19:52:11,1990,1,ELEICOES 1990,AC,AC,6,1222,-1,JOSE AMSTERDA MIRANDA S. SOBRINHO,NULO,DEPUTADO FEDERAL,-1,NULO,2,DEFERIDO,4,NAO ELEITO,12,PDT,PARTIDO DEMOCRATICO TRABALHISTA,-1,FRENTE POPULAR DO ACRE,PDT / PT / PCB /  PCdoB,678,2,MASCULINO,2,ELEICOES ORDINARIAS,ESTADUAIS,-1,-1,-1,NULO,-1,NULO,-1,NULO,-1,-1
24/4/2014,19:52:11,1990,1,ELEICOES 1990,AC,AC,6,1311,-1,GOMERCINDO CLOVIS GARCIA RODRIGUES,NULO,DEPUTADO FEDERAL,-1,NULO,2,DEFERIDO,4,NAO ELEITO,13,PT,PARTIDO DOS TRABALHADORES,-1,FRENTE POPULAR DO ACRE,PDT / PT / PCB /  PCdoB,1371,2,MASCULINO,2,ELEICOES ORDINARIAS,ESTADUAIS,-1,-1,-1,NULO,-1,NULO,-1,NULO,-1,-1
24/4/2014,19:52:11,1990,1,ELEICOES 1990,AC,AC,6,1312,-1,FRANCISCO PEREIRA DE FREITAS,NULO,DEPUTADO FEDERAL,-1,NULO,2,DEFERIDO,4,NAO ELEITO,13,PT,PARTIDO DOS TRABALHADORES,-1,FRENTE POPULAR DO ACRE,PDT / PT / PCB /  PCdoB,31,2,MASCULINO,2,ELEICOES ORDINARIAS,ESTADUAIS,-1,-1,-1,NULO,-1,NULO,-1,NULO,-1,-1
24/4/2014,19:52:11,1990,1,ELEICOES 1990,AC,AC,6,1313,-1,JOSE WILSON MENDES LEAO,NULO,DEPUTADO FEDERAL,-1,NULO,2,DEFERIDO,4,NAO ELEITO,13,PT,PARTIDO DOS TRABALHADORES,-1,FRENTE POPULAR DO ACRE,PDT / PT / PCB /  PCdoB,1700,2,MASCULINO,2,ELEICOES ORDINARIAS,ESTADUAIS,-1,-1,-1,NULO,-1,NULO,-1,NULO,-1,-1
24/4/2014,19:52:11,1990,1,ELEICOES 1990,AC,AC,6,1318,-1,MARIA DA CONCEICAO FARIAS MOURAO,NULO,DEPUTADO FEDERAL,-1,NULO,2,DEFERIDO,4,NAO ELEITO,13,PT,PARTIDO DOS TRABALHADORES,-1,FRENTE POPULAR DO ACRE,PDT / PT / PCB /  PCdoB,3,4,FEMININO,2,ELEICOES ORDINARIAS,ESTADUAIS,-1,-1,-1,NULO,-1,NULO,-1,NULO,-1,-1
24/4/2014,19:52:11,1990,1,ELEICOES 1990,AC,AC,6,1319,-1,FRANCISCO NASCIMENTO DA SILVA,NULO,DEPUTADO FEDERAL,-1,NULO,2,DEFERIDO,4,NAO ELEITO,13,PT,PARTIDO DOS TRABALHADORES,-1,FRENTE POPULAR DO ACRE,PDT / PT / PCB /  PCdoB,4,2,MASCULINO,2,ELEICOES ORDINARIAS,ESTADUAIS,-1,-1,-1,NULO,-1,NULO,-1,NULO,-1,-1
24/4/2014,19:52:11,1990,1,ELEICOES 1990,AC,AC,6,1321,-1,ALBERTO MONTEIRO RODRIGUES,NULO,DEPUTADO FEDERAL,-1,NULO,2,DEFERIDO,4,NAO ELEITO,13,PT,PARTIDO DOS TRABALHADORES,-1,FRENTE POPULAR DO ACRE,PDT / PT / PCB /  PCdoB,24,2,MASCULINO,2,ELEICOES ORDINARIAS,ESTADUAIS,-1,-1,-1,NULO,-1,NULO,-1,NULO,-1,-1
24/4/2014,19:52:11,1990,1,ELEICOES 1990,AC,AC,6,1331,-1,FRANCISCO AUGUSTO VIEIRA NUNES,NULO,DEPUTADO FEDERAL,-1,NULO,2,DEFERIDO,4,NAO ELEITO,13,PT,PARTIDO DOS TRABALHADORES,-1,FRENTE POPULAR DO ACRE,PDT / PT / PCB /  PCdoB,2579,2,MASCULINO,2,ELEICOES ORDINARIAS,ESTADUAIS,-1,-1,-1,NULO,-1,NULO,-1,NULO,-1,-1
24/4/2014,19:52:11,1990,1,ELEICOES 1990,AC,AC,6,1333,-1,SAULO DE FREITAS RIBEIRO,NULO,DEPUTADO FEDERAL,-1,NULO,2,DEFERIDO,4,NAO ELEITO,13,PT,PARTIDO DOS TRABALHADORES,-1,FRENTE POPULAR DO ACRE,PDT / PT / PCB /  PCdoB,461,2,MASCULINO,2,ELEICOES ORDINARIAS,ESTADUAIS,-1,-1,-1,NULO,-1,NULO,-1,NULO,-1,-1
24/4/2014,19:52:11,1990,1,ELEICOES 1990,AC,AC,6,1343,-1,MANOEL RODRIGUES DE SOUZA NETO,NULO,DEPUTADO FEDERAL,-1,NULO,2,DEFERIDO,4,NAO ELEITO,13,PT,PARTIDO DOS TRABALHADORES,-1,FRENTE POPULAR DO ACRE,PDT / PT / PCB /  PCdoB,368,2,MASCULINO,2,ELEICOES ORDINARIAS,ESTADUAIS,-1,-1,-1,NULO,-1,NULO,-1,NULO,-1,-1
24/4/2014,19:52:11,1990,1,ELEICOES 1990,AC,AC,6,1420,-1,NEDER FARIA JUNIOR,NULO,DEPUTADO FEDERAL,-1,NULO,2,DEFERIDO,4,NAO ELEITO,14,PTB,PARTIDO TRABALHISTA BRASILEIRO,-1,NULO,PTB / PDC / PL / PFL / PTR / PRN,129,2,MASCULINO,2,ELEICOES ORDINARIAS,ESTADUAIS,-1,-1,-1,NULO,-1,NULO,-1,NULO,-1,-1
24/4/2014,19:52:11,1990,1,ELEICOES 1990,AC,AC,6,1440,-1,LUIZ ALBERTO FERNANDES BARBOSA,NULO,DEPUTADO FEDERAL,-1,NULO,2,DEFERIDO,4,NAO ELEITO,14,PTB,PARTIDO TRABALHISTA BRASILEIRO,-1,NULO,PTB / PDC / PL / PFL / PTR / PRN,258,2,MASCULINO,2,ELEICOES ORDINARIAS,ESTADUAIS,-1,-1,-1,NULO,-1,NULO,-1,NULO,-1,-1
24/4/2014,19:52:11,1990,1,ELEICOES 1990,AC,AC,6,1501,-1,MARIA LUCIA MELLO DE ARAUJO,NULO,DEPUTADO FEDERAL,-1,NULO,2,DEFERIDO,2,SUPLENTE,15,PMDB,PARTIDO DO MOVIMENTO DEMOCRATICO BRASILEIRO,-1,NULO,PMDB,3087,4,FEMININO,2,ELEICOES ORDINARIAS,ESTADUAIS,-1,-1,-1,NULO,-1,NULO,-1,NULO,-1,-1
24/4/2014,19:52:11,1990,1,ELEICOES 1990,AC,AC,6,1502,-1,GERALDO REIS FLEMING,NULO,DEPUTADO FEDERAL,-1,NULO,2,DEFERIDO,2,SUPLENTE,15,PMDB,PARTIDO DO MOVIMENTO DEMOCRATICO BRASILEIRO,-1,NULO,PMDB,1769,2,MASCULINO,2,ELEICOES ORDINARIAS,ESTADUAIS,-1,-1,-1,NULO,-1,NULO,-1,NULO,-1,-1
24/4/2014,19:52:11,1990,1,ELEICOES 1990,AC,AC,6,1503,-1,ARIOSTO PIRES MIGUEIS,NULO,DEPUTADO FEDERAL,-1,NULO,2,DEFERIDO,2,SUPLENTE,15,PMDB,PARTIDO DO MOVIMENTO DEMOCRATICO BRASILEIRO,-1,NULO,PMDB,2943,2,MASCULINO,2,ELEICOES ORDINARIAS,ESTADUAIS,-1,-1,-1,NULO,-1,NULO,-1,NULO,-1,-1
24/4/2014,19:52:11,1990,1,ELEICOES 1990,AC,AC,6,1504,-1,MARIA FROTA BEZERRA DE OLIVEIRA,NULO,DEPUTADO FEDERAL,-1,NULO,2,DEFERIDO,1,ELEITO,15,PMDB,PARTIDO DO MOVIMENTO DEMOCRATICO BRASILEIRO,-1,NULO,PMDB,4031,4,FEMININO,2,ELEICOES ORDINARIAS,ESTADUAIS,-1,-1,-1,NULO,-1,NULO,-1,NULO,-1,-1
24/4/2014,19:52:11,1990,1,ELEICOES 1990,AC,AC,6,1505,-1,MAURI SERGIO MOURA DE OLIVEIRA,NULO,DEPUTADO FEDERAL,-1,NULO,2,DEFERIDO,1,ELEITO,15,PMDB,PARTIDO DO MOVIMENTO DEMOCRATICO BRASILEIRO,-1,NULO,PMDB,5734,2,MASCULINO,2,ELEICOES ORDINARIAS,ESTADUAIS,-1,-1,-1,NULO,-1,NULO,-1,NULO,-1,-1
24/4/2014,19:52:11,1990,1,ELEICOES 1990,AC,AC,6,1506,-1,HELENO DE FARIAS FRANCA,NULO,DEPUTADO FEDERAL,-1,NULO,2,DEFERIDO,2,SUPLENTE,15,PMDB,PARTIDO DO MOVIMENTO DEMOCRATICO BRASILEIRO,-1,NULO,PMDB,964,2,MASCULINO,2,ELEICOES ORDINARIAS,ESTADUAIS,-1,-1,-1,NULO,-1,NULO,-1,NULO,-1,-1
24/4/2014,19:52:11,1990,1,ELEICOES 1990,AC,AC,6,1507,-1,OTHILIA BAPTISTA MELO DE SAMPAIO,NULO,DEPUTADO FEDERAL,-1,NULO,2,DEFERIDO,2,SUPLENTE,15,PMDB,PARTIDO DO MOVIMENTO DEMOCRATICO BRASILEIRO,-1,NULO,PMDB,2989,4,FEMININO,2,ELEICOES ORDINARIAS,ESTADUAIS,-1,-1,-1,NULO,-1,NULO,-1,NULO,-1,-1
24/4/2014,19:52:11,1990,1,ELEICOES 1990,AC,AC,6,1508,-1,JOAO MAIA DA SILVA FILHO,NULO,DEPUTADO FEDERAL,-1,NULO,2,DEFERIDO,1,ELEITO,15,PMDB,PARTIDO DO MOVIMENTO DEMOCRATICO BRASILEIRO,-1,NULO,PMDB,3855,2,MASCULINO,2,ELEICOES ORDINARIAS,ESTADUAIS,-1,-1,-1,NULO,-1,NULO,-1,NULO,-1,-1
24/4/2014,19:52:11,1990,1,ELEICOES 1990,AC,AC,6,1509,-1,JOSE EDMAR SANTIAGO DE MELO,NULO,DEPUTADO FEDERAL,-1,NULO,2,DEFERIDO,1,ELEITO,15,PMDB,PARTIDO DO MOVIMENTO DEMOCRATICO BRASILEIRO,-1,NULO,PMDB,3338,2,MASCULINO,2,ELEICOES ORDINARIAS,ESTADUAIS,-1,-1,-1,NULO,-1,NULO,-1,NULO,-1,-1
24/4/2014,19:52:11,1990,1,ELEICOES 1990,AC,AC,6,1510,-1,NATALINO DA SILVEIRA BRITO FILHO,NULO,DEPUTADO FEDERAL,-1,NULO,2,DEFERIDO,2,SUPLENTE,15,PMDB,PARTIDO DO MOVIMENTO DEMOCRATICO BRASILEIRO,-1,NULO,PMDB,919,2,MASCULINO,2,ELEICOES ORDINARIAS,ESTADUAIS,-1,-1,-1,NULO,-1,NULO,-1,NULO,-1,-1
24/4/2014,19:52:11,1990,1,ELEICOES 1990,AC,AC,6,1511,-1,JORGENEI DA SILVA RIBEIRO,NULO,DEPUTADO FEDERAL,-1,NULO,2,DEFERIDO,2,SUPLENTE,15,PMDB,PARTIDO DO MOVIMENTO DEMOCRATICO BRASILEIRO,-1,NULO,PMDB,1146,2,MASCULINO,2,ELEICOES ORDINARIAS,ESTADUAIS,-1,-1,-1,NULO,-1,NULO,-1,NULO,-1,-1
24/4/2014,19:52:11,1990,1,ELEICOES 1990,AC,AC,6,1512,-1,ANTONIA ADELAIDE DA ROCHA NERI,NULO,DEPUTADO FEDERAL,-1,NULO,2,DEFERIDO,1,ELEITO,15,PMDB,PARTIDO DO MOVIMENTO DEMOCRATICO BRASILEIRO,-1,NULO,PMDB,3779,4,FEMININO,2,ELEICOES ORDINARIAS,ESTADUAIS,-1,-1,-1,NULO,-1,NULO,-1,NULO,-1,-1
24/4/2014,19:52:11,1990,1,ELEICOES 1990,AC,AC,6,1707,-1,JOAO PEDRO DA SILVA,NULO,DEPUTADO FEDERAL,-1,NULO,2,DEFERIDO,4,NAO ELEITO,17,PDC,PARTIDO DEMOCRATA CRISTAO,-1,NULO,PTB / PDC / PL / PFL / PTR / PRN,80,2,MASCULINO,2,ELEICOES ORDINARIAS,ESTADUAIS,-1,-1,-1,NULO,-1,NULO,-1,NULO,-1,-1
24/4/2014,19:52:11,1990,1,ELEICOES 1990,AC,AC,6,2201,-1,JOAO DA CRUZ SANTANA,NULO,DEPUTADO FEDERAL,-1,NULO,2,DEFERIDO,4,NAO ELEITO,22,PL,PARTIDO LIBERAL,-1,NULO,PTB / PDC / PL / PFL / PTR / PRN,71,2,MASCULINO,2,ELEICOES ORDINARIAS,ESTADUAIS,-1,-1,-1,NULO,-1,NULO,-1,NULO,-1,-1
24/4/2014,19:52:11,1990,1,ELEICOES 1990,AC,AC,6,2211,-1,VALDOMIRO CORREA DE  MOURA,NULO,DEPUTADO FEDERAL,-1,NULO,2,DEFERIDO,4,NAO ELEITO,22,PL,PARTIDO LIBERAL,-1,NULO,PTB / PDC / PL / PFL / PTR / PRN,397,2,MASCULINO,2,ELEICOES ORDINARIAS,ESTADUAIS,-1,-1,-1,NULO,-1,NULO,-1,NULO,-1,-1
24/4/2014,19:52:11,1990,1,ELEICOES 1990,AC,AC,6,2212,-1,VANDERVALDO OLIVEIRA DE MENEZES,NULO,DEPUTADO FEDERAL,-1,NULO,2,DEFERIDO,4,NAO ELEITO,22,PL,PARTIDO LIBERAL,-1,NULO,PTB / PDC / PL / PFL / PTR / PRN,80,2,MASCULINO,2,ELEICOES ORDINARIAS,ESTADUAIS,-1,-1,-1,NULO,-1,NULO,-1,NULO,-1,-1
24/4/2014,19:52:11,1990,1,ELEICOES 1990,AC,AC,6,2213,-1,FRANCISCO JAIR SENA DE SOUZA,NULO,DEPUTADO FEDERAL,-1,NULO,2,DEFERIDO,4,NAO ELEITO,22,PL,PARTIDO LIBERAL,-1,NULO,PTB / PDC / PL / PFL / PTR / PRN,253,2,MASCULINO,2,ELEICOES ORDINARIAS,ESTADUAIS,-1,-1,-1,NULO,-1,NULO,-1,NULO,-1,-1
24/4/2014,19:52:11,1990,1,ELEICOES 1990,AC,AC,6,2220,-1,CLAUDIONOR ARAUJO DA COSTA,NULO,DEPUTADO FEDERAL,-1,NULO,2,DEFERIDO,4,NAO ELEITO,22,PL,PARTIDO LIBERAL,-1,NULO,PTB / PDC / PL / PFL / PTR / PRN,338,2,MASCULINO,2,ELEICOES ORDINARIAS,ESTADUAIS,-1,-1,-1,NULO,-1,NULO,-1,NULO,-1,-1
24/4/2014,19:52:11,1990,1,ELEICOES 1990,AC,AC,6,2222,-1,MOACIR LOPES,NULO,DEPUTADO FEDERAL,-1,NULO,2,DEFERIDO,4,NAO ELEITO,22,PL,PARTIDO LIBERAL,-1,NULO,PTB / PDC / PL / PFL / PTR / PRN,376,2,MASCULINO,2,ELEICOES ORDINARIAS,ESTADUAIS,-1,-1,-1,NULO,-1,NULO,-1,NULO,-1,-1
24/4/2014,19:52:11,1990,1,ELEICOES 1990,AC,AC,6,2522,-1,LAERTE CARLOS MONTEIRO MAUES,NULO,DEPUTADO FEDERAL,-1,NULO,2,DEFERIDO,4,NAO ELEITO,25,PFL,PARTIDO DA FRENTE LIBERAL ,-1,NULO,PTB / PDC / PL / PFL / PTR / PRN,830,2,MASCULINO,2,ELEICOES ORDINARIAS,ESTADUAIS,-1,-1,-1,NULO,-1,NULO,-1,NULO,-1,-1
24/4/2014,19:52:11,1990,1,ELEICOES 1990,AC,AC,6,2525,-1,ALERCIO DIAS,NULO,DEPUTADO FEDERAL,-1,NULO,2,DEFERIDO,4,NAO ELEITO,25,PFL,PARTIDO DA FRENTE LIBERAL ,-1,NULO,PTB / PDC / PL / PFL / PTR / PRN,3146,2,MASCULINO,2,ELEICOES ORDINARIAS,ESTADUAIS,-1,-1,-1,NULO,-1,NULO,-1,NULO,-1,-1
24/4/2014,19:52:11,1990,1,ELEICOES 1990,AC,AC,6,2526,-1,ELISEU GOMES WANDERLEY,NULO,DEPUTADO FEDERAL,-1,NULO,2,DEFERIDO,4,NAO ELEITO,25,PFL,PARTIDO DA FRENTE LIBERAL ,-1,NULO,PTB / PDC / PL / PFL / PTR / PRN,955,2,MASCULINO,2,ELEICOES ORDINARIAS,ESTADUAIS,-1,-1,-1,NULO,-1,NULO,-1,NULO,-1,-1
24/4/2014,19:52:11,1990,1,ELEICOES 1990,AC,AC,6,2528,-1,ALBANIZO FIGUEIRA,NULO,DEPUTADO FEDERAL,-1,NULO,2,DEFERIDO,4,NAO ELEITO,25,PFL,PARTIDO DA FRENTE LIBERAL ,-1,NULO,PTB / PDC / PL / PFL / PTR / PRN,149,-1,NULO,2,ELEICOES ORDINARIAS,ESTADUAIS,-1,-1,-1,NULO,-1,NULO,-1,NULO,-1,-1
24/4/2014,19:52:11,1990,1,ELEICOES 1990,AC,AC,6,2828,-1,ANTONIO SERGIO PITTON,NULO,DEPUTADO FEDERAL,-1,NULO,2,DEFERIDO,4,NAO ELEITO,28,PTR,PARTIDO TRABALHISTA RENOVADOR,-1,NULO,PTB / PDC / PL / PFL / PTR / PRN,918,2,MASCULINO,2,ELEICOES ORDINARIAS,ESTADUAIS,-1,-1,-1,NULO,-1,NULO,-1,NULO,-1,-1
24/4/2014,19:52:11,1990,1,ELEICOES 1990,AC,AC,6,3310,-1,JOSE PAULINO DE HOLANDA FILHO,NULO,DEPUTADO FEDERAL,-1,NULO,2,DEFERIDO,4,NAO ELEITO,33,PMN,PARTIDO DA MOBILIZACAO NACIONAL,-1,NULO,PMN,5,2,MASCULINO,2,ELEICOES ORDINARIAS,ESTADUAIS,-1,-1,-1,NULO,-1,NULO,-1,NULO,-1,-1
24/4/2014,19:52:11,1990,1,ELEICOES 1990,AC,AC,6,3601,-1,JACOMO TRENTO,NULO,DEPUTADO FEDERAL,-1,NULO,2,DEFERIDO,4,NAO ELEITO,36,PRN,PARTIDO DA RECONSTRUCAO NACIONAL,-1,NULO,PTB / PDC / PL / PFL / PTR / PRN,9,2,MASCULINO,2,ELEICOES ORDINARIAS,ESTADUAIS,-1,-1,-1,NULO,-1,NULO,-1,NULO,-1,-1
24/4/2014,19:52:11,1990,1,ELEICOES 1990,AC,AC,6,3602,-1,RAIMUNDO NONATO COSTA,NULO,DEPUTADO FEDERAL,-1,NULO,2,DEFERIDO,4,NAO ELEITO,36,PRN,PARTIDO DA RECONSTRUCAO NACIONAL,-1,NULO,PTB / PDC / PL / PFL / PTR / PRN,494,2,MASCULINO,2,ELEICOES ORDINARIAS,ESTADUAIS,-1,-1,-1,NULO,-1,NULO,-1,NULO,-1,-1
24/4/2014,19:52:11,1990,1,ELEICOES 1990,AC,AC,6,3603,-1,JOSE EDUARDO DE MOURA LEITE,NULO,DEPUTADO FEDERAL,-1,NULO,2,DEFERIDO,4,NAO ELEITO,36,PRN,PARTIDO DA RECONSTRUCAO NACIONAL,-1,NULO,PTB / PDC / PL / PFL / PTR / PRN,1920,2,MASCULINO,2,ELEICOES ORDINARIAS,ESTADUAIS,-1,-1,-1,NULO,-1,NULO,-1,NULO,-1,-1
24/4/2014,19:52:11,1990,1,ELEICOES 1990,AC,AC,6,3604,-1,MIRTIL SILVA DE CARVALHO,NULO,DEPUTADO FEDERAL,-1,NULO,2,DEFERIDO,4,NAO ELEITO,36,PRN,PARTIDO DA RECONSTRUCAO NACIONAL,-1,NULO,PTB / PDC / PL / PFL / PTR / PRN,1887,-1,NULO,2,ELEICOES ORDINARIAS,ESTADUAIS,-1,-1,-1,NULO,-1,NULO,-1,NULO,-1,-1
24/4/2014,19:52:11,1990,1,ELEICOES 1990,AC,AC,6,3605,-1,DUARTE JOSE DO COUTO NETO,NULO,DEPUTADO FEDERAL,-1,NULO,2,DEFERIDO,4,NAO ELEITO,36,PRN,PARTIDO DA RECONSTRUCAO NACIONAL,-1,NULO,PTB / PDC / PL / PFL / PTR / PRN,1387,2,MASCULINO,2,ELEICOES ORDINARIAS,ESTADUAIS,-1,-1,-1,NULO,-1,NULO,-1,NULO,-1,-1
24/4/2014,19:52:11,1990,1,ELEICOES 1990,AC,AC,6,3636,-1,ALTEVIR LEAL,NULO,DEPUTADO FEDERAL,-1,NULO,2,DEFERIDO,4,NAO ELEITO,36,PRN,PARTIDO DA RECONSTRUCAO NACIONAL,-1,NULO,PTB / PDC / PL / PFL / PTR / PRN,1013,2,MASCULINO,2,ELEICOES ORDINARIAS,ESTADUAIS,-1,-1,-1,NULO,-1,NULO,-1,NULO,-1,-1
24/4/2014,19:52:11,1990,1,ELEICOES 1990,AC,AC,6,3696,-1,JORGE GOMES DE FREITAS,NULO,DEPUTADO FEDERAL,-1,NULO,2,DEFERIDO,4,NAO ELEITO,36,PRN,PARTIDO DA RECONSTRUCAO NACIONAL,-1,NULO,PTB / PDC / PL / PFL / PTR / PRN,537,2,MASCULINO,2,ELEICOES ORDINARIAS,ESTADUAIS,-1,-1,-1,NULO,-1,NULO,-1,NULO,-1,-1
24/4/2014,19:52:11,1990,1,ELEICOES 1990,AC,AC,6,3698,-1,JOSE ALBERTO PINTO BARDAWIL,NULO,DEPUTADO FEDERAL,-1,NULO,2,DEFERIDO,4,NAO ELEITO,36,PRN,PARTIDO DA RECONSTRUCAO NACIONAL,-1,NULO,PTB / PDC / PL / PFL / PTR / PRN,1128,2,MASCULINO,2,ELEICOES ORDINARIAS,ESTADUAIS,-1,-1,-1,NULO,-1,NULO,-1,NULO,-1,-1
24/4/2014,19:52:11,1990,1,ELEICOES 1990,AC,AC,6,4511,-1,ROBERTO FERREIRA DA SILVA,NULO,DEPUTADO FEDERAL,-1,NULO,2,DEFERIDO,4,NAO ELEITO,45,PSDB,PARTIDO DA SOCIAL DEMOCRACIA BRASILEIRA,-1,NULO,PSDB,2045,2,MASCULINO,2,ELEICOES ORDINARIAS,ESTADUAIS,-1,-1,-1,NULO,-1,NULO,-1,NULO,-1,-1
24/4/2014,19:52:11,1990,1,ELEICOES 1990,AC,AC,6,4545,-1,JOSE CARLOS DE NORONHA REBOUCAS,NULO,DEPUTADO FEDERAL,-1,NULO,2,DEFERIDO,4,NAO ELEITO,45,PSDB,PARTIDO DA SOCIAL DEMOCRACIA BRASILEIRA,-1,NULO,PSDB,349,2,MASCULINO,2,ELEICOES ORDINARIAS,ESTADUAIS,-1,-1,-1,NULO,-1,NULO,-1,NULO,-1,-1
24/4/2014,19:52:11,1990,1,ELEICOES 1990,AC,AC,6,4547,-1,SEVERINO ABILIO GONCALVES,NULO,DEPUTADO FEDERAL,-1,NULO,2,DEFERIDO,4,NAO ELEITO,45,PSDB,PARTIDO DA SOCIAL DEMOCRACIA BRASILEIRA,-1,NULO,PSDB,46,2,MASCULINO,2,ELEICOES ORDINARIAS,ESTADUAIS,-1,-1,-1,NULO,-1,NULO,-1,NULO,-1,-1
24/4/2014,19:52:11,1990,1,ELEICOES 1990,AC,AC,6,4555,-1,ABIB CURY,NULO,DEPUTADO FEDERAL,-1,NULO,2,DEFERIDO,4,NAO ELEITO,45,PSDB,PARTIDO DA SOCIAL DEMOCRACIA BRASILEIRA,-1,NULO,PSDB,1069,2,MASCULINO,2,ELEICOES ORDINARIAS,ESTADUAIS,-1,-1,-1,NULO,-1,NULO,-1,NULO,-1,-1
24/4/2014,19:52:11,1990,1,ELEICOES 1990,AC,AC,6,5612,-1,JOSE WILKENS DIAS SOBRINHO,NULO,DEPUTADO FEDERAL,-1,NULO,2,DEFERIDO,4,NAO ELEITO,56,PRONA,PARTIDO DE REEDIFICACAO DA ORDEM NACIONAL,-1,NULO,PRONA,249,2,MASCULINO,2,ELEICOES ORDINARIAS,ESTADUAIS,-1,-1,-1,NULO,-1,NULO,-1,NULO,-1,-1
24/4/2014,19:52:11,1990,1,ELEICOES 1990,AC,AC,6,6555,-1,MARCOS AFONSO PONTES DE SOUZA,NULO,DEPUTADO FEDERAL,-1,NULO,2,DEFERIDO,4,NAO ELEITO,65,PCdoB,PARTIDO COMUNISTA DO BRASIL,-1,FRENTE POPULAR DO ACRE,PDT / PT / PCB /  PCdoB,2739,2,MASCULINO,2,ELEICOES ORDINARIAS,ESTADUAIS,-1,-1,-1,NULO,-1,NULO,-1,NULO,-1,-1
24/4/2014,19:52:11,1990,1,ELEICOES 1990,AC,AC,6,6556,-1,JOSE SAVIO DA COSTA MAIA,NULO,DEPUTADO FEDERAL,-1,NULO,2,DEFERIDO,4,NAO ELEITO,65,PCdoB,PARTIDO COMUNISTA DO BRASIL,-1,FRENTE POPULAR DO ACRE,PDT / PT / PCB /  PCdoB,8,2,MASCULINO,2,ELEICOES ORDINARIAS,ESTADUAIS,-1,-1,-1,NULO,-1,NULO,-1,NULO,-1,-1
24/4/2014,19:52:11,1990,1,ELEICOES 1990,AC,AC,7,11101,-1,MARIA DE NAZARE PEREIRA LIMA DE CARVALHO,NULO,DEPUTADO ESTADUAL,-1,NULO,2,DEFERIDO,2,SUPLENTE,11,PDS,PARTIDO DEMOCRATICO SOCIAL,-1,NULO,PDS,669,4,FEMININO,2,ELEICOES ORDINARIAS,ESTADUAIS,-1,-1,-1,NULO,-1,NULO,-1,NULO,-1,-1
24/4/2014,19:52:11,1990,1,ELEICOES 1990,AC,AC,7,11102,-1,VANIA MARIA PINHEIRO DA SILVA,NULO,DEPUTADO ESTADUAL,-1,NULO,2,DEFERIDO,2,SUPLENTE,11,PDS,PARTIDO DEMOCRATICO SOCIAL,-1,NULO,PDS,365,4,FEMININO,2,ELEICOES ORDINARIAS,ESTADUAIS,-1,-1,-1,NULO,-1,NULO,-1,NULO,-1,-1
24/4/2014,19:52:11,1990,1,ELEICOES 1990,AC,AC,7,11103,-1,ALMIR DANKAR,NULO,DEPUTADO ESTADUAL,-1,NULO,2,DEFERIDO,2,SUPLENTE,11,PDS,PARTIDO DEMOCRATICO SOCIAL,-1,NULO,PDS,899,2,MASCULINO,2,ELEICOES ORDINARIAS,ESTADUAIS,-1,-1,-1,NULO,-1,NULO,-1,NULO,-1,-1
24/4/2014,19:52:11,1990,1,ELEICOES 1990,AC,AC,7,11104,-1,FRANCISCO VAGNER SANTANA AMORIM,NULO,DEPUTADO ESTADUAL,-1,NULO,2,DEFERIDO,2,SUPLENTE,11,PDS,PARTIDO DEMOCRATICO SOCIAL,-1,NULO,PDS,925,2,MASCULINO,2,ELEICOES ORDINARIAS,ESTADUAIS,-1,-1,-1,NULO,-1,NULO,-1,NULO,-1,-1
24/4/2014,19:52:11,1990,1,ELEICOES 1990,AC,AC,7,11105,-1,MARIA DAS VITORIAS SOARES DE MEDEIROS,NULO,DEPUTADO ESTADUAL,-1,NULO,2,DEFERIDO,1,ELEITO,11,PDS,PARTIDO DEMOCRATICO SOCIAL,-1,NULO,PDS,1778,4,FEMININO,2,ELEICOES ORDINARIAS,ESTADUAIS,-1,-1,-1,NULO,-1,NULO,-1,NULO,-1,-1
24/4/2014,19:52:11,1990,1,ELEICOES 1990,AC,AC,7,11106,-1,JOSE RAIMUNDO BARROSO BESTENE,NULO,DEPUTADO ESTADUAL,-1,NULO,2,DEFERIDO,1,ELEITO,11,PDS,PARTIDO DEMOCRATICO SOCIAL,-1,NULO,PDS,1789,2,MASCULINO,2,ELEICOES ORDINARIAS,ESTADUAIS,-1,-1,-1,NULO,-1,NULO,-1,NULO,-1,-1
24/4/2014,19:52:11,1990,1,ELEICOES 1990,AC,AC,7,11107,-1,GILVAN TIMERMAN PAIVA,NULO,DEPUTADO ESTADUAL,-1,NULO,2,DEFERIDO,2,SUPLENTE,11,PDS,PARTIDO DEMOCRATICO SOCIAL,-1,NULO,PDS,896,2,MASCULINO,2,ELEICOES ORDINARIAS,ESTADUAIS,-1,-1,-1,NULO,-1,NULO,-1,NULO,-1,-1
24/4/2014,19:52:11,1990,1,ELEICOES 1990,AC,AC,7,11108,-1,JOSE DE OLIVEIRA VASCONCELOS,NULO,DEPUTADO ESTADUAL,-1,NULO,2,DEFERIDO,2,SUPLENTE,11,PDS,PARTIDO DEMOCRATICO SOCIAL,-1,NULO,PDS,395,2,MASCULINO,2,ELEICOES ORDINARIAS,ESTADUAIS,-1,-1,-1,NULO,-1,NULO,-1,NULO,-1,-1
24/4/2014,19:52:11,1990,1,ELEICOES 1990,AC,AC,7,11109,-1,MARLENE MAGALHAES SANTANA,NULO,DEPUTADO ESTADUAL,-1,NULO,2,DEFERIDO,2,SUPLENTE,11,PDS,PARTIDO DEMOCRATICO SOCIAL,-1,NULO,PDS,1167,4,FEMININO,2,ELEICOES ORDINARIAS,ESTADUAIS,-1,-1,-1,NULO,-1,NULO,-1,NULO,-1,-1
24/4/2014,19:52:11,1990,1,ELEICOES 1990,AC,AC,7,11110,-1,BENEDITO CAVALCANTE DAMASCENO,NULO,DEPUTADO ESTADUAL,-1,NULO,2,DEFERIDO,2,SUPLENTE,11,PDS,PARTIDO DEMOCRATICO SOCIAL,-1,NULO,PDS,953,2,MASCULINO,2,ELEICOES ORDINARIAS,ESTADUAIS,-1,-1,-1,NULO,-1,NULO,-1,NULO,-1,-1
24/4/2014,19:52:11,1990,1,ELEICOES 1990,AC,AC,7,11111,-1,EDGAR FONTES DA SILVA,NULO,DEPUTADO ESTADUAL,-1,NULO,2,DEFERIDO,2,SUPLENTE,11,PDS,PARTIDO DEMOCRATICO SOCIAL,-1,NULO,PDS,989,2,MASCULINO,2,ELEICOES ORDINARIAS,ESTADUAIS,-1,-1,-1,NULO,-1,NULO,-1,NULO,-1,-1
24/4/2014,19:52:11,1990,1,ELEICOES 1990,AC,AC,7,11112,-1,ABDON CALID ALBUQUERQUE,NULO,DEPUTADO ESTADUAL,-1,NULO,2,DEFERIDO,2,SUPLENTE,11,PDS,PARTIDO DEMOCRATICO SOCIAL,-1,NULO,PDS,187,2,MASCULINO,2,ELEICOES ORDINARIAS,ESTADUAIS,-1,-1,-1,NULO,-1,NULO,-1,NULO,-1,-1
24/4/2014,19:52:11,1990,1,ELEICOES 1990,AC,AC,7,11113,-1,LUIZ CARLOS BEIRUTE BORGES,NULO,DEPUTADO ESTADUAL,-1,NULO,2,DEFERIDO,1,ELEITO,11,PDS,PARTIDO DEMOCRATICO SOCIAL,-1,NULO,PDS,1627,2,MASCULINO,2,ELEICOES ORDINARIAS,ESTADUAIS,-1,-1,-1,NULO,-1,NULO,-1,NULO,-1,-1
24/4/2014,19:52:11,1990,1,ELEICOES 1990,AC,AC,7,11114,-1,CARLOS PEREDO CALDERON,NULO,DEPUTADO ESTADUAL,-1,NULO,2,DEFERIDO,2,SUPLENTE,11,PDS,PARTIDO DEMOCRATICO SOCIAL,-1,NULO,PDS,842,2,MASCULINO,2,ELEICOES ORDINARIAS,ESTADUAIS,-1,-1,-1,NULO,-1,NULO,-1,NULO,-1,-1
24/4/2014,19:52:11,1990,1,ELEICOES 1990,AC,AC,7,11115,-1,ILSON ALVES RIBEIRO,NULO,DEPUTADO ESTADUAL,-1,NULO,2,DEFERIDO,1,ELEITO,11,PDS,PARTIDO DEMOCRATICO SOCIAL,-1,NULO,PDS,1584,2,MASCULINO,2,ELEICOES ORDINARIAS,ESTADUAIS,-1,-1,-1,NULO,-1,NULO,-1,NULO,-1,-1
24/4/2014,19:52:11,1990,1,ELEICOES 1990,AC,AC,7,11116,-1,ALVARO MOREIRA ROMERO,NULO,DEPUTADO ESTADUAL,-1,NULO,2,DEFERIDO,1,ELEITO,11,PDS,PARTIDO DEMOCRATICO SOCIAL,-1,NULO,PDS,2007,2,MASCULINO,2,ELEICOES ORDINARIAS,ESTADUAIS,-1,-1,-1,NULO,-1,NULO,-1,NULO,-1,-1
24/4/2014,19:52:11,1990,1,ELEICOES 1990,AC,AC,7,11117,-1,FRANCISCO IVAN ARAUJO MARCAL,NULO,DEPUTADO ESTADUAL,-1,NULO,2,DEFERIDO,2,SUPLENTE,11,PDS,PARTIDO DEMOCRATICO SOCIAL,-1,NULO,PDS,1058,2,MASCULINO,2,ELEICOES ORDINARIAS,ESTADUAIS,-1,-1,-1,NULO,-1,NULO,-1,NULO,-1,-1
24/4/2014,19:52:11,1990,1,ELEICOES 1990,AC,AC,7,11118,-1,IVO MONTEIRO DE LIMA,NULO,DEPUTADO ESTADUAL,-1,NULO,2,DEFERIDO,2,SUPLENTE,11,PDS,PARTIDO DEMOCRATICO SOCIAL,-1,NULO,PDS,357,2,MASCULINO,2,ELEICOES ORDINARIAS,ESTADUAIS,-1,-1,-1,NULO,-1,NULO,-1,NULO,-1,-1
24/4/2014,19:52:11,1990,1,ELEICOES 1990,AC,AC,7,11119,-1,FRANCISCO LOPES PESSOA,NULO,DEPUTADO ESTADUAL,-1,NULO,2,DEFERIDO,1,ELEITO,11,PDS,PARTIDO DEMOCRATICO SOCIAL,-1,NULO,PDS,1423,2,MASCULINO,2,ELEICOES ORDINARIAS,ESTADUAIS,-1,-1,-1,NULO,-1,NULO,-1,NULO,-1,-1
24/4/2014,19:52:11,1990,1,ELEICOES 1990,AC,AC,7,11120,-1,ARMANDO SALVATIERRA BARROSO,NULO,DEPUTADO ESTADUAL,-1,NULO,2,DEFERIDO,1,ELEITO,11,PDS,PARTIDO DEMOCRATICO SOCIAL,-1,NULO,PDS,1474,2,MASCULINO,2,ELEICOES ORDINARIAS,ESTADUAIS,-1,-1,-1,NULO,-1,NULO,-1,NULO,-1,-1
24/4/2014,19:52:11,1990,1,ELEICOES 1990,AC,AC,7,11121,-1,SEBASTIAO ROBERTO VIEIRA MOURAO,NULO,DEPUTADO ESTADUAL,-1,NULO,2,DEFERIDO,2,SUPLENTE,11,PDS,PARTIDO DEMOCRATICO SOCIAL,-1,NULO,PDS,564,2,MASCULINO,2,ELEICOES ORDINARIAS,ESTADUAIS,-1,-1,-1,NULO,-1,NULO,-1,NULO,-1,-1
24/4/2014,19:52:11,1990,1,ELEICOES 1990,AC,AC,7,11122,-1,HELDER COTTA PAIVA,NULO,DEPUTADO ESTADUAL,-1,NULO,2,DEFERIDO,2,SUPLENTE,11,PDS,PARTIDO DEMOCRATICO SOCIAL,-1,NULO,PDS,1319,2,MASCULINO,2,ELEICOES ORDINARIAS,ESTADUAIS,-1,-1,-1,NULO,-1,NULO,-1,NULO,-1,-1
24/4/2014,19:52:11,1990,1,ELEICOES 1990,AC,AC,7,11123,-1,JOSE ELIAS CHAUL,NULO,DEPUTADO ESTADUAL,-1,NULO,2,DEFERIDO,2,SUPLENTE,11,PDS,PARTIDO DEMOCRATICO SOCIAL,-1,NULO,PDS,326,2,MASCULINO,2,ELEICOES ORDINARIAS,ESTADUAIS,-1,-1,-1,NULO,-1,NULO,-1,NULO,-1,-1
24/4/2014,19:52:11,1990,1,ELEICOES 1990,AC,AC,7,11124,-1,ANTONIO BEZERRA MARREIRO,NULO,DEPUTADO ESTADUAL,-1,NULO,2,DEFERIDO,2,SUPLENTE,11,PDS,PARTIDO DEMOCRATICO SOCIAL,-1,NULO,PDS,511,2,MASCULINO,2,ELEICOES ORDINARIAS,ESTADUAIS,-1,-1,-1,NULO,-1,NULO,-1,NULO,-1,-1
24/4/2014,19:52:11,1990,1,ELEICOES 1990,AC,AC,7,11125,-1,FRANCISCO PEREIRA VERAS,NULO,DEPUTADO ESTADUAL,-1,NULO,2,DEFERIDO,2,SUPLENTE,11,PDS,PARTIDO DEMOCRATICO SOCIAL,-1,NULO,PDS,625,2,MASCULINO,2,ELEICOES ORDINARIAS,ESTADUAIS,-1,-1,-1,NULO,-1,NULO,-1,NULO,-1,-1
24/4/2014,19:52:11,1990,1,ELEICOES 1990,AC,AC,7,11126,-1,COSMOTY PASCOAL NOGUEIRA,NULO,DEPUTADO ESTADUAL,-1,NULO,2,DEFERIDO,2,SUPLENTE,11,PDS,PARTIDO DEMOCRATICO SOCIAL,-1,NULO,PDS,1331,-1,NULO,2,ELEICOES ORDINARIAS,ESTADUAIS,-1,-1,-1,NULO,-1,NULO,-1,NULO,-1,-1
24/4/2014,19:52:11,1990,1,ELEICOES 1990,AC,AC,7,11127,-1,MAXIMO DAMASCENO VASCONCELOS FILHO,NULO,DEPUTADO ESTADUAL,-1,NULO,2,DEFERIDO,2,SUPLENTE,11,PDS,PARTIDO DEMOCRATICO SOCIAL,-1,NULO,PDS,674,2,MASCULINO,2,ELEICOES ORDINARIAS,ESTADUAIS,-1,-1,-1,NULO,-1,NULO,-1,NULO,-1,-1
24/4/2014,19:52:11,1990,1,ELEICOES 1990,AC,AC,7,11128,-1,MARIO DE OLIVEIRA DA SILVA,NULO,DEPUTADO ESTADUAL,-1,NULO,2,DEFERIDO,2,SUPLENTE,11,PDS,PARTIDO DEMOCRATICO SOCIAL,-1,NULO,PDS,33,2,MASCULINO,2,ELEICOES ORDINARIAS,ESTADUAIS,-1,-1,-1,NULO,-1,NULO,-1,NULO,-1,-1
24/4/2014,19:52:11,1990,1,ELEICOES 1990,AC,AC,7,11129,-1,ZIZA ALVES DA COSTA,NULO,DEPUTADO ESTADUAL,-1,NULO,2,DEFERIDO,2,SUPLENTE,11,PDS,PARTIDO DEMOCRATICO SOCIAL,-1,NULO,PDS,474,4,FEMININO,2,ELEICOES ORDINARIAS,ESTADUAIS,-1,-1,-1,NULO,-1,NULO,-1,NULO,-1,-1
24/4/2014,19:52:11,1990,1,ELEICOES 1990,AC,AC,7,11130,-1,JOSE ODISVALDO DE LIMA TORRES,NULO,DEPUTADO ESTADUAL,-1,NULO,2,DEFERIDO,2,SUPLENTE,11,PDS,PARTIDO DEMOCRATICO SOCIAL,-1,NULO,PDS,317,2,MASCULINO,2,ELEICOES ORDINARIAS,ESTADUAIS,-1,-1,-1,NULO,-1,NULO,-1,NULO,-1,-1
24/4/2014,19:52:11,1990,1,ELEICOES 1990,AC,AC,7,11131,-1,HELIO VIEIRA DO NASCIMENTO,NULO,DEPUTADO ESTADUAL,-1,NULO,2,DEFERIDO,2,SUPLENTE,11,PDS,PARTIDO DEMOCRATICO SOCIAL,-1,NULO,PDS,151,2,MASCULINO,2,ELEICOES ORDINARIAS,ESTADUAIS,-1,-1,-1,NULO,-1,NULO,-1,NULO,-1,-1
24/4/2014,19:52:11,1990,1,ELEICOES 1990,AC,AC,7,11132,-1,MARLUCE COSTA DE OLIVEIRA,NULO,DEPUTADO ESTADUAL,-1,NULO,2,DEFERIDO,2,SUPLENTE,11,PDS,PARTIDO DEMOCRATICO SOCIAL,-1,NULO,PDS,421,4,FEMININO,2,ELEICOES ORDINARIAS,ESTADUAIS,-1,-1,-1,NULO,-1,NULO,-1,NULO,-1,-1
24/4/2014,19:52:11,1990,1,ELEICOES 1990,AC,AC,7,11133,-1,CARLOS CESAR CORREIA DE MESSIAS,NULO,DEPUTADO ESTADUAL,-1,NULO,2,DEFERIDO,2,SUPLENTE,11,PDS,PARTIDO DEMOCRATICO SOCIAL,-1,NULO,PDS,1351,2,MASCULINO,2,ELEICOES ORDINARIAS,ESTADUAIS,-1,-1,-1,NULO,-1,NULO,-1,NULO,-1,-1
24/4/2014,19:52:11,1990,1,ELEICOES 1990,AC,AC,7,11134,-1,RAILDA PEREIRA DA SILVA,NULO,DEPUTADO ESTADUAL,-1,NULO,2,DEFERIDO,2,SUPLENTE,11,PDS,PARTIDO DEMOCRATICO SOCIAL,-1,NULO,PDS,725,4,FEMININO,2,ELEICOES ORDINARIAS,ESTADUAIS,-1,-1,-1,NULO,-1,NULO,-1,NULO,-1,-1
24/4/2014,19:52:11,1990,1,ELEICOES 1990,AC,AC,7,11135,-1,ELOY ABUD,NULO,DEPUTADO ESTADUAL,-1,NULO,2,DEFERIDO,2,SUPLENTE,11,PDS,PARTIDO DEMOCRATICO SOCIAL,-1,NULO,PDS,309,2,MASCULINO,2,ELEICOES ORDINARIAS,ESTADUAIS,-1,-1,-1,NULO,-1,NULO,-1,NULO,-1,-1
24/4/2014,19:52:11,1990,1,ELEICOES 1990,AC,AC,7,11136,-1,MOEMA ANUTE DE LIMA CARIOCA,NULO,DEPUTADO ESTADUAL,-1,NULO,2,DEFERIDO,2,SUPLENTE,11,PDS,PARTIDO DEMOCRATICO SOCIAL,-1,NULO,PDS,360,4,FEMININO,2,ELEICOES ORDINARIAS,ESTADUAIS,-1,-1,-1,NULO,-1,NULO,-1,NULO,-1,-1
24/4/2014,19:52:11,1990,1,ELEICOES 1990,AC,AC,7,12111,-1,FRANCISCO NONATO DE CASTRO,NULO,DEPUTADO ESTADUAL,-1,NULO,2,DEFERIDO,2,SUPLENTE,12,PDT,PARTIDO DEMOCRATICO TRABALHISTA,-1,FRENTE POPULAR DO ACRE,PDT/ PT/ PCB/ PCdoB,6,2,MASCULINO,2,ELEICOES ORDINARIAS,ESTADUAIS,-1,-1,-1,NULO,-1,NULO,-1,NULO,-1,-1
24/4/2014,19:52:11,1990,1,ELEICOES 1990,AC,AC,7,12112,-1,JAIR RIBEIRO DOS SANTOS,NULO,DEPUTADO ESTADUAL,-1,NULO,2,DEFERIDO,2,SUPLENTE,12,PDT,PARTIDO DEMOCRATICO TRABALHISTA,-1,FRENTE POPULAR DO ACRE,PDT/ PT/ PCB/ PCdoB,175,2,MASCULINO,2,ELEICOES ORDINARIAS,ESTADUAIS,-1,-1,-1,NULO,-1,NULO,-1,NULO,-1,-1
24/4/2014,19:52:11,1990,1,ELEICOES 1990,AC,AC,7,12120,-1,VANDERLI NUNES,NULO,DEPUTADO ESTADUAL,-1,NULO,2,DEFERIDO,2,SUPLENTE,12,PDT,PARTIDO DEMOCRATICO TRABALHISTA,-1,FRENTE POPULAR DO ACRE,PDT/ PT/ PCB/ PCdoB,49,2,MASCULINO,2,ELEICOES ORDINARIAS,ESTADUAIS,-1,-1,-1,NULO,-1,NULO,-1,NULO,-1,-1
24/4/2014,19:52:11,1990,1,ELEICOES 1990,AC,AC,7,12121,-1,RAIMUNDO CELSO LIMA VERDE,NULO,DEPUTADO ESTADUAL,-1,NULO,2,DEFERIDO,2,SUPLENTE,12,PDT,PARTIDO DEMOCRATICO TRABALHISTA,-1,FRENTE POPULAR DO ACRE,PDT/ PT/ PCB/ PCdoB,415,2,MASCULINO,2,ELEICOES ORDINARIAS,ESTADUAIS,-1,-1,-1,NULO,-1,NULO,-1,NULO,-1,-1
24/4/2014,19:52:11,1990,1,ELEICOES 1990,AC,AC,7,12122,-1,GILVAN DE SOUZA MOURAO,NULO,DEPUTADO ESTADUAL,-1,NULO,2,DEFERIDO,2,SUPLENTE,12,PDT,PARTIDO DEMOCRATICO TRABALHISTA,-1,FRENTE POPULAR DO ACRE,PDT/ PT/ PCB/ PCdoB,136,2,MASCULINO,2,ELEICOES ORDINARIAS,ESTADUAIS,-1,-1,-1,NULO,-1,NULO,-1,NULO,-1,-1
24/4/2014,19:52:11,1990,1,ELEICOES 1990,AC,AC,7,12128,-1,ELIAS ROSENDO DE OLIVEIRA,NULO,DEPUTADO ESTADUAL,-1,NULO,2,DEFERIDO,2,SUPLENTE,12,PDT,PARTIDO DEMOCRATICO TRABALHISTA,-1,FRENTE POPULAR DO ACRE,PDT/ PT/ PCB/ PCdoB,45,2,MASCULINO,2,ELEICOES ORDINARIAS,ESTADUAIS,-1,-1,-1,NULO,-1,NULO,-1,NULO,-1,-1
24/4/2014,19:52:11,1990,1,ELEICOES 1990,AC,AC,7,12200,-1,JOSE SARAIVA DE FREITAS,NULO,DEPUTADO ESTADUAL,-1,NULO,2,DEFERIDO,2,SUPLENTE,12,PDT,PARTIDO DEMOCRATICO TRABALHISTA,-1,FRENTE POPULAR DO ACRE,PDT/ PT/ PCB/ PCdoB,374,2,MASCULINO,2,ELEICOES ORDINARIAS,ESTADUAIS,-1,-1,-1,NULO,-1,NULO,-1,NULO,-1,-1
24/4/2014,19:52:11,1990,1,ELEICOES 1990,AC,AC,7,12201,-1,JOSE BRASILEIRO BORGES,NULO,DEPUTADO ESTADUAL,-1,NULO,2,DEFERIDO,2,SUPLENTE,12,PDT,PARTIDO DEMOCRATICO TRABALHISTA,-1,FRENTE POPULAR DO ACRE,PDT/ PT/ PCB/ PCdoB,44,2,MASCULINO,2,ELEICOES ORDINARIAS,ESTADUAIS,-1,-1,-1,NULO,-1,NULO,-1,NULO,-1,-1
24/4/2014,19:52:11,1990,1,ELEICOES 1990,AC,AC,7,12210,-1,LAURO ALVES DE FARIAS,NULO,DEPUTADO ESTADUAL,-1,NULO,2,DEFERIDO,2,SUPLENTE,12,PDT,PARTIDO DEMOCRATICO TRABALHISTA,-1,FRENTE POPULAR DO ACRE,PDT/ PT/ PCB/ PCdoB,181,2,MASCULINO,2,ELEICOES ORDINARIAS,ESTADUAIS,-1,-1,-1,NULO,-1,NULO,-1,NULO,-1,-1
24/4/2014,19:52:11,1990,1,ELEICOES 1990,AC,AC,7,12211,-1,JOSIMAR BARBOSA BONFIM,NULO,DEPUTADO ESTADUAL,-1,NULO,2,DEFERIDO,2,SUPLENTE,12,PDT,PARTIDO DEMOCRATICO TRABALHISTA,-1,FRENTE POPULAR DO ACRE,PDT/ PT/ PCB/ PCdoB,301,2,MASCULINO,2,ELEICOES ORDINARIAS,ESTADUAIS,-1,-1,-1,NULO,-1,NULO,-1,NULO,-1,-1
24/4/2014,19:52:11,1990,1,ELEICOES 1990,AC,AC,7,12213,-1,MANOEL DA GRACA LIRA GOMES,NULO,DEPUTADO ESTADUAL,-1,NULO,2,DEFERIDO,2,SUPLENTE,12,PDT,PARTIDO DEMOCRATICO TRABALHISTA,-1,FRENTE POPULAR DO ACRE,PDT/ PT/ PCB/ PCdoB,51,2,MASCULINO,2,ELEICOES ORDINARIAS,ESTADUAIS,-1,-1,-1,NULO,-1,NULO,-1,NULO,-1,-1
24/4/2014,19:52:11,1990,1,ELEICOES 1990,AC,AC,7,12215,-1,SERGIO NOBRE DO AREAL SOUTO,NULO,DEPUTADO ESTADUAL,-1,NULO,2,DEFERIDO,2,SUPLENTE,12,PDT,PARTIDO DEMOCRATICO TRABALHISTA,-1,FRENTE POPULAR DO ACRE,PDT/ PT/ PCB/ PCdoB,1,2,MASCULINO,2,ELEICOES ORDINARIAS,ESTADUAIS,-1,-1,-1,NULO,-1,NULO,-1,NULO,-1,-1
24/4/2014,19:52:11,1990,1,ELEICOES 1990,AC,AC,7,12220,-1,MARIO EDUARDO DA COSTA,NULO,DEPUTADO ESTADUAL,-1,NULO,2,DEFERIDO,2,SUPLENTE,12,PDT,PARTIDO DEMOCRATICO TRABALHISTA,-1,FRENTE POPULAR DO ACRE,PDT/ PT/ PCB/ PCdoB,131,2,MASCULINO,2,ELEICOES ORDINARIAS,ESTADUAIS,-1,-1,-1,NULO,-1,NULO,-1,NULO,-1,-1
24/4/2014,19:52:11,1990,1,ELEICOES 1990,AC,AC,7,12221,-1,MARIUSA DE CARVALHO,NULO,DEPUTADO ESTADUAL,-1,NULO,2,DEFERIDO,2,SUPLENTE,12,PDT,PARTIDO DEMOCRATICO TRABALHISTA,-1,FRENTE POPULAR DO ACRE,PDT/ PT/ PCB/ PCdoB,42,4,FEMININO,2,ELEICOES ORDINARIAS,ESTADUAIS,-1,-1,-1,NULO,-1,NULO,-1,NULO,-1,-1
24/4/2014,19:52:11,1990,1,ELEICOES 1990,AC,AC,7,12222,-1,ANTONIO KLEMER BEZERRA DA SILVA,NULO,DEPUTADO ESTADUAL,-1,NULO,2,DEFERIDO,2,SUPLENTE,12,PDT,PARTIDO DEMOCRATICO TRABALHISTA,-1,FRENTE POPULAR DO ACRE,PDT/ PT/ PCB/ PCdoB,101,2,MASCULINO,2,ELEICOES ORDINARIAS,ESTADUAIS,-1,-1,-1,NULO,-1,NULO,-1,NULO,-1,-1
24/4/2014,19:52:11,1990,1,ELEICOES 1990,AC,AC,7,12227,-1,MARTINIANO CANDIDO DE SIQUEIRA FILHO,NULO,DEPUTADO ESTADUAL,-1,NULO,2,DEFERIDO,2,SUPLENTE,12,PDT,PARTIDO DEMOCRATICO TRABALHISTA,-1,FRENTE POPULAR DO ACRE,PDT/ PT/ PCB/ PCdoB,279,2,MASCULINO,2,ELEICOES ORDINARIAS,ESTADUAIS,-1,-1,-1,NULO,-1,NULO,-1,NULO,-1,-1
24/4/2014,19:52:11,1990,1,ELEICOES 1990,AC,AC,7,12230,-1,ANTONIO MACEDO BEZERRA,NULO,DEPUTADO ESTADUAL,-1,NULO,2,DEFERIDO,2,SUPLENTE,12,PDT,PARTIDO DEMOCRATICO TRABALHISTA,-1,FRENTE POPULAR DO ACRE,PDT/ PT/ PCB/ PCdoB,139,2,MASCULINO,2,ELEICOES ORDINARIAS,ESTADUAIS,-1,-1,-1,NULO,-1,NULO,-1,NULO,-1,-1
24/4/2014,19:52:11,1990,1,ELEICOES 1990,AC,AC,7,12240,-1,AMAURI ANTUNES,NULO,DEPUTADO ESTADUAL,-1,NULO,2,DEFERIDO,2,SUPLENTE,12,PDT,PARTIDO DEMOCRATICO TRABALHISTA,-1,FRENTE POPULAR DO ACRE,PDT/ PT/ PCB/ PCdoB,20,2,MASCULINO,2,ELEICOES ORDINARIAS,ESTADUAIS,-1,-1,-1,NULO,-1,NULO,-1,NULO,-1,-1
24/4/2014,19:52:11,1990,1,ELEICOES 1990,AC,AC,7,12244,-1,FRANCISCO XAVIER BARBOSA DE LIMA,NULO,DEPUTADO ESTADUAL,-1,NULO,2,DEFERIDO,2,SUPLENTE,12,PDT,PARTIDO DEMOCRATICO TRABALHISTA,-1,FRENTE POPULAR DO ACRE,PDT/ PT/ PCB/ PCdoB,113,2,MASCULINO,2,ELEICOES ORDINARIAS,ESTADUAIS,-1,-1,-1,NULO,-1,NULO,-1,NULO,-1,-1
24/4/2014,19:52:11,1990,1,ELEICOES 1990,AC,AC,7,12250,-1,DAVID IBERNON DA SILVA,NULO,DEPUTADO ESTADUAL,-1,NULO,2,DEFERIDO,2,SUPLENTE,12,PDT,PARTIDO DEMOCRATICO TRABALHISTA,-1,FRENTE POPULAR DO ACRE,PDT/ PT/ PCB/ PCdoB,10,2,MASCULINO,2,ELEICOES ORDINARIAS,ESTADUAIS,-1,-1,-1,NULO,-1,NULO,-1,NULO,-1,-1
24/4/2014,19:52:11,1990,1,ELEICOES 1990,AC,AC,7,13101,-1,MARIA OSMARINA SILVA DE SOUZA,NULO,DEPUTADO ESTADUAL,-1,NULO,2,DEFERIDO,1,ELEITO,13,PT,PARTIDO DOS TRABALHADORES,-1,FRENTE POPULAR DO ACRE,PDT/ PT/ PCB/ PCdoB,3331,4,FEMININO,2,ELEICOES ORDINARIAS,ESTADUAIS,-1,-1,-1,NULO,-1,NULO,-1,NULO,-1,-1
24/4/2014,19:52:11,1990,1,ELEICOES 1990,AC,AC,7,13103,-1,ANTONIO BATISTA DA SILVA,NULO,DEPUTADO ESTADUAL,-1,NULO,2,DEFERIDO,2,SUPLENTE,13,PT,PARTIDO DOS TRABALHADORES,-1,FRENTE POPULAR DO ACRE,PDT/ PT/ PCB/ PCdoB,75,2,MASCULINO,2,ELEICOES ORDINARIAS,ESTADUAIS,-1,-1,-1,NULO,-1,NULO,-1,NULO,-1,-1
24/4/2014,19:52:11,1990,1,ELEICOES 1990,AC,AC,7,13109,-1,LUIZ MONTEIRO DE AGUIAR,NULO,DEPUTADO ESTADUAL,-1,NULO,2,DEFERIDO,2,SUPLENTE,13,PT,PARTIDO DOS TRABALHADORES,-1,FRENTE POPULAR DO ACRE,PDT/ PT/ PCB/ PCdoB,336,2,MASCULINO,2,ELEICOES ORDINARIAS,ESTADUAIS,-1,-1,-1,NULO,-1,NULO,-1,NULO,-1,-1
24/4/2014,19:52:11,1990,1,ELEICOES 1990,AC,AC,7,13110,-1,HAROLDO ONOFRE DE ANDRADE E SILVA,NULO,DEPUTADO ESTADUAL,-1,NULO,2,DEFERIDO,2,SUPLENTE,13,PT,PARTIDO DOS TRABALHADORES,-1,FRENTE POPULAR DO ACRE,PDT/ PT/ PCB/ PCdoB,418,2,MASCULINO,2,ELEICOES ORDINARIAS,ESTADUAIS,-1,-1,-1,NULO,-1,NULO,-1,NULO,-1,-1
24/4/2014,19:52:11,1990,1,ELEICOES 1990,AC,AC,7,13113,-1,OSMARINO AMANCIO RODRIGUES,NULO,DEPUTADO ESTADUAL,-1,NULO,2,DEFERIDO,2,SUPLENTE,13,PT,PARTIDO DOS TRABALHADORES,-1,FRENTE POPULAR DO ACRE,PDT/ PT/ PCB/ PCdoB,901,2,MASCULINO,2,ELEICOES ORDINARIAS,ESTADUAIS,-1,-1,-1,NULO,-1,NULO,-1,NULO,-1,-1
24/4/2014,19:52:11,1990,1,ELEICOES 1990,AC,AC,7,13117,-1,JOSE ALBERTO LIMA MARGARIDO,NULO,DEPUTADO ESTADUAL,-1,NULO,2,DEFERIDO,2,SUPLENTE,13,PT,PARTIDO DOS TRABALHADORES,-1,FRENTE POPULAR DO ACRE,PDT/ PT/ PCB/ PCdoB,169,2,MASCULINO,2,ELEICOES ORDINARIAS,ESTADUAIS,-1,-1,-1,NULO,-1,NULO,-1,NULO,-1,-1
24/4/2014,19:52:11,1990,1,ELEICOES 1990,AC,AC,7,13118,-1,ADONAY DE OLIVEIRA BRITO,NULO,DEPUTADO ESTADUAL,-1,NULO,2,DEFERIDO,2,SUPLENTE,13,PT,PARTIDO DOS TRABALHADORES,-1,FRENTE POPULAR DO ACRE,PDT/ PT/ PCB/ PCdoB,304,2,MASCULINO,2,ELEICOES ORDINARIAS,ESTADUAIS,-1,-1,-1,NULO,-1,NULO,-1,NULO,-1,-1
24/4/2014,19:52:11,1990,1,ELEICOES 1990,AC,AC,7,13130,-1,JOSE ALEXANDRE PINHEIRO,NULO,DEPUTADO ESTADUAL,-1,NULO,2,DEFERIDO,2,SUPLENTE,13,PT,PARTIDO DOS TRABALHADORES,-1,FRENTE POPULAR DO ACRE,PDT/ PT/ PCB/ PCdoB,153,2,MASCULINO,2,ELEICOES ORDINARIAS,ESTADUAIS,-1,-1,-1,NULO,-1,NULO,-1,NULO,-1,-1
24/4/2014,19:52:11,1990,1,ELEICOES 1990,AC,AC,7,13131,-1,GILSON PESCADOR,NULO,DEPUTADO ESTADUAL,-1,NULO,2,DEFERIDO,2,SUPLENTE,13,PT,PARTIDO DOS TRABALHADORES,-1,FRENTE POPULAR DO ACRE,PDT/ PT/ PCB/ PCdoB,589,2,MASCULINO,2,ELEICOES ORDINARIAS,ESTADUAIS,-1,-1,-1,NULO,-1,NULO,-1,NULO,-1,-1
24/4/2014,19:52:11,1990,1,ELEICOES 1990,AC,AC,7,13133,-1,NILSON MOURA LEITE MOURAO,NULO,DEPUTADO ESTADUAL,-1,NULO,2,DEFERIDO,1,ELEITO,13,PT,PARTIDO DOS TRABALHADORES,-1,FRENTE POPULAR DO ACRE,PDT/ PT/ PCB/ PCdoB,1024,2,MASCULINO,2,ELEICOES ORDINARIAS,ESTADUAIS,-1,-1,-1,NULO,-1,NULO,-1,NULO,-1,-1
24/4/2014,19:52:11,1990,1,ELEICOES 1990,AC,AC,7,13143,-1,JULIO EDUARDO GOMES PEREIRA,NULO,DEPUTADO ESTADUAL,-1,NULO,2,DEFERIDO,2,SUPLENTE,13,PT,PARTIDO DOS TRABALHADORES,-1,FRENTE POPULAR DO ACRE,PDT/ PT/ PCB/ PCdoB,788,2,MASCULINO,2,ELEICOES ORDINARIAS,ESTADUAIS,-1,-1,-1,NULO,-1,NULO,-1,NULO,-1,-1
24/4/2014,19:52:11,1990,1,ELEICOES 1990,AC,AC,7,13160,-1,VALDELURDE DA SILVA COSTA,NULO,DEPUTADO ESTADUAL,-1,NULO,2,DEFERIDO,2,SUPLENTE,13,PT,PARTIDO DOS TRABALHADORES,-1,FRENTE POPULAR DO ACRE,PDT/ PT/ PCB/ PCdoB,1,-1,NULO,2,ELEICOES ORDINARIAS,ESTADUAIS,-1,-1,-1,NULO,-1,NULO,-1,NULO,-1,-1
24/4/2014,19:52:11,1990,1,ELEICOES 1990,AC,AC,7,13180,-1,FRANCISCO ASSIS DOS SANTOS CALDEIRA,NULO,DEPUTADO ESTADUAL,-1,NULO,2,DEFERIDO,2,SUPLENTE,13,PT,PARTIDO DOS TRABALHADORES,-1,FRENTE POPULAR DO ACRE,PDT/ PT/ PCB/ PCdoB,1,2,MASCULINO,2,ELEICOES ORDINARIAS,ESTADUAIS,-1,-1,-1,NULO,-1,NULO,-1,NULO,-1,-1
24/4/2014,19:52:11,1990,1,ELEICOES 1990,AC,AC,7,13200,-1,LAURO CAVALCANTE DE ANDRADE,NULO,DEPUTADO ESTADUAL,-1,NULO,2,DEFERIDO,2,SUPLENTE,13,PT,PARTIDO DOS TRABALHADORES,-1,FRENTE POPULAR DO ACRE,PDT/ PT/ PCB/ PCdoB,422,2,MASCULINO,2,ELEICOES ORDINARIAS,ESTADUAIS,-1,-1,-1,NULO,-1,NULO,-1,NULO,-1,-1
24/4/2014,19:52:11,1990,1,ELEICOES 1990,AC,AC,7,13201,-1,CARLOS AUGUSTO MELO DE SOUZA,NULO,DEPUTADO ESTADUAL,-1,NULO,2,DEFERIDO,2,SUPLENTE,13,PT,PARTIDO DOS TRABALHADORES,-1,FRENTE POPULAR DO ACRE,PDT/ PT/ PCB/ PCdoB,44,2,MASCULINO,2,ELEICOES ORDINARIAS,ESTADUAIS,-1,-1,-1,NULO,-1,NULO,-1,NULO,-1,-1
24/4/2014,19:52:11,1990,1,ELEICOES 1990,AC,AC,7,13211,-1,MANOEL DIOGENES SALDANHA,NULO,DEPUTADO ESTADUAL,-1,NULO,2,DEFERIDO,2,SUPLENTE,13,PT,PARTIDO DOS TRABALHADORES,-1,FRENTE POPULAR DO ACRE,PDT/ PT/ PCB/ PCdoB,97,2,MASCULINO,2,ELEICOES ORDINARIAS,ESTADUAIS,-1,-1,-1,NULO,-1,NULO,-1,NULO,-1,-1
24/4/2014,19:52:11,1990,1,ELEICOES 1990,AC,AC,7,13221,-1,MANOEL NUNES DA SILVA,NULO,DEPUTADO ESTADUAL,-1,NULO,2,DEFERIDO,2,SUPLENTE,13,PT,PARTIDO DOS TRABALHADORES,-1,FRENTE POPULAR DO ACRE,PDT/ PT/ PCB/ PCdoB,6,2,MASCULINO,2,ELEICOES ORDINARIAS,ESTADUAIS,-1,-1,-1,NULO,-1,NULO,-1,NULO,-1,-1
24/4/2014,19:52:11,1990,1,ELEICOES 1990,AC,AC,7,13223,-1,DARCI MENDES DOS SANTOS,NULO,DEPUTADO ESTADUAL,-1,NULO,2,DEFERIDO,2,SUPLENTE,13,PT,PARTIDO DOS TRABALHADORES,-1,FRENTE POPULAR DO ACRE,PDT/ PT/ PCB/ PCdoB,15,2,MASCULINO,2,ELEICOES ORDINARIAS,ESTADUAIS,-1,-1,-1,NULO,-1,NULO,-1,NULO,-1,-1
24/4/2014,19:52:11,1990,1,ELEICOES 1990,AC,AC,7,15101,-1,MARLINO VITORINO GOMES,NULO,DEPUTADO ESTADUAL,-1,NULO,2,DEFERIDO,2,SUPLENTE,15,PMDB,PARTIDO DO MOVIMENTO DEMOCRATICO BRASILEIRO,-1,NULO,PMDB,1116,2,MASCULINO,2,ELEICOES ORDINARIAS,ESTADUAIS,-1,-1,-1,NULO,-1,NULO,-1,NULO,-1,-1
24/4/2014,19:52:11,1990,1,ELEICOES 1990,AC,AC,7,15102,-1,EDMILSON FERREIRA LIMA,NULO,DEPUTADO ESTADUAL,-1,NULO,2,DEFERIDO,2,SUPLENTE,15,PMDB,PARTIDO DO MOVIMENTO DEMOCRATICO BRASILEIRO,-1,NULO,PMDB,558,2,MASCULINO,2,ELEICOES ORDINARIAS,ESTADUAIS,-1,-1,-1,NULO,-1,NULO,-1,NULO,-1,-1
24/4/2014,19:52:11,1990,1,ELEICOES 1990,AC,AC,7,15103,-1,JOSUE FERNANDES DE SOUZA,NULO,DEPUTADO ESTADUAL,-1,NULO,2,DEFERIDO,2,SUPLENTE,15,PMDB,PARTIDO DO MOVIMENTO DEMOCRATICO BRASILEIRO,-1,NULO,PMDB,1081,2,MASCULINO,2,ELEICOES ORDINARIAS,ESTADUAIS,-1,-1,-1,NULO,-1,NULO,-1,NULO,-1,-1
24/4/2014,19:52:11,1990,1,ELEICOES 1990,AC,AC,7,15104,-1,GERALDO PEREIRA MAIA,NULO,DEPUTADO ESTADUAL,-1,NULO,2,DEFERIDO,2,SUPLENTE,15,PMDB,PARTIDO DO MOVIMENTO DEMOCRATICO BRASILEIRO,-1,NULO,PMDB,890,2,MASCULINO,2,ELEICOES ORDINARIAS,ESTADUAIS,-1,-1,-1,NULO,-1,NULO,-1,NULO,-1,-1
24/4/2014,19:52:11,1990,1,ELEICOES 1990,AC,AC,7,15105,-1,RAIMUNDO SALES COSTA,NULO,DEPUTADO ESTADUAL,-1,NULO,2,DEFERIDO,1,ELEITO,15,PMDB,PARTIDO DO MOVIMENTO DEMOCRATICO BRASILEIRO,-1,NULO,PMDB,2500,2,MASCULINO,2,ELEICOES ORDINARIAS,ESTADUAIS,-1,-1,-1,NULO,-1,NULO,-1,NULO,-1,-1
24/4/2014,19:52:11,1990,1,ELEICOES 1990,AC,AC,7,15106,-1,SOLANGE MARIA PINHO,NULO,DEPUTADO ESTADUAL,-1,NULO,2,DEFERIDO,2,SUPLENTE,15,PMDB,PARTIDO DO MOVIMENTO DEMOCRATICO BRASILEIRO,-1,NULO,PMDB,601,4,FEMININO,2,ELEICOES ORDINARIAS,ESTADUAIS,-1,-1,-1,NULO,-1,NULO,-1,NULO,-1,-1
24/4/2014,19:52:11,1990,1,ELEICOES 1990,AC,AC,7,15107,-1,MAMED SAID MAIA FILHO,NULO,DEPUTADO ESTADUAL,-1,NULO,2,DEFERIDO,1,ELEITO,15,PMDB,PARTIDO DO MOVIMENTO DEMOCRATICO BRASILEIRO,-1,NULO,PMDB,1301,2,MASCULINO,2,ELEICOES ORDINARIAS,ESTADUAIS,-1,-1,-1,NULO,-1,NULO,-1,NULO,-1,-1
24/4/2014,19:52:11,1990,1,ELEICOES 1990,AC,AC,7,15108,-1,MANOEL CARVALHO DE MESQUITA,NULO,DEPUTADO ESTADUAL,-1,NULO,2,DEFERIDO,2,SUPLENTE,15,PMDB,PARTIDO DO MOVIMENTO DEMOCRATICO BRASILEIRO,-1,NULO,PMDB,739,2,MASCULINO,2,ELEICOES ORDINARIAS,ESTADUAIS,-1,-1,-1,NULO,-1,NULO,-1,NULO,-1,-1
24/4/2014,19:52:11,1990,1,ELEICOES 1990,AC,AC,7,15109,-1,CLEUDO DA ROCHA MENDONCA,NULO,DEPUTADO ESTADUAL,-1,NULO,2,DEFERIDO,1,ELEITO,15,PMDB,PARTIDO DO MOVIMENTO DEMOCRATICO BRASILEIRO,-1,NULO,PMDB,1310,2,MASCULINO,2,ELEICOES ORDINARIAS,ESTADUAIS,-1,-1,-1,NULO,-1,NULO,-1,NULO,-1,-1
24/4/2014,19:52:11,1990,1,ELEICOES 1990,AC,AC,7,15110,-1,RUBENICIO SILVEIRA LEITAO,NULO,DEPUTADO ESTADUAL,-1,NULO,2,DEFERIDO,2,SUPLENTE,15,PMDB,PARTIDO DO MOVIMENTO DEMOCRATICO BRASILEIRO,-1,NULO,PMDB,836,2,MASCULINO,2,ELEICOES ORDINARIAS,ESTADUAIS,-1,-1,-1,NULO,-1,NULO,-1,NULO,-1,-1
24/4/2014,19:52:11,1990,1,ELEICOES 1990,AC,AC,7,15111,-1,ADALBERTO ARAGAO SILVA,NULO,DEPUTADO ESTADUAL,-1,NULO,2,DEFERIDO,2,SUPLENTE,15,PMDB,PARTIDO DO MOVIMENTO DEMOCRATICO BRASILEIRO,-1,NULO,PMDB,1259,2,MASCULINO,2,ELEICOES ORDINARIAS,ESTADUAIS,-1,-1,-1,NULO,-1,NULO,-1,NULO,-1,-1
24/4/2014,19:52:11,1990,1,ELEICOES 1990,AC,AC,7,15112,-1,MANOEL MACHADO DA ROCHA,NULO,DEPUTADO ESTADUAL,-1,NULO,2,DEFERIDO,1,ELEITO,15,PMDB,PARTIDO DO MOVIMENTO DEMOCRATICO BRASILEIRO,-1,NULO,PMDB,1541,2,MASCULINO,2,ELEICOES ORDINARIAS,ESTADUAIS,-1,-1,-1,NULO,-1,NULO,-1,NULO,-1,-1
24/4/2014,19:52:11,1990,1,ELEICOES 1990,AC,AC,7,15113,-1,FELIX VALLE PEREIRA,NULO,DEPUTADO ESTADUAL,-1,NULO,2,DEFERIDO,2,SUPLENTE,15,PMDB,PARTIDO DO MOVIMENTO DEMOCRATICO BRASILEIRO,-1,NULO,PMDB,1129,2,MASCULINO,2,ELEICOES ORDINARIAS,ESTADUAIS,-1,-1,-1,NULO,-1,NULO,-1,NULO,-1,-1
24/4/2014,19:52:11,1990,1,ELEICOES 1990,AC,AC,7,15114,-1,ADALBERTO FERREIRA DA SILVA,NULO,DEPUTADO ESTADUAL,-1,NULO,2,DEFERIDO,1,ELEITO,15,PMDB,PARTIDO DO MOVIMENTO DEMOCRATICO BRASILEIRO,-1,NULO,PMDB,1601,2,MASCULINO,2,ELEICOES ORDINARIAS,ESTADUAIS,-1,-1,-1,NULO,-1,NULO,-1,NULO,-1,-1
24/4/2014,19:52:11,1990,1,ELEICOES 1990,AC,AC,7,15115,-1,TEZEU BONFIM MACHADO,NULO,DEPUTADO ESTADUAL,-1,NULO,2,DEFERIDO,2,SUPLENTE,15,PMDB,PARTIDO DO MOVIMENTO DEMOCRATICO BRASILEIRO,-1,NULO,PMDB,591,-1,NULO,2,ELEICOES ORDINARIAS,ESTADUAIS,-1,-1,-1,NULO,-1,NULO,-1,NULO,-1,-1
24/4/2014,19:52:11,1990,1,ELEICOES 1990,AC,AC,7,15116,-1,RUBERVAL DA SILVA LEBRE,NULO,DEPUTADO ESTADUAL,-1,NULO,2,DEFERIDO,2,SUPLENTE,15,PMDB,PARTIDO DO MOVIMENTO DEMOCRATICO BRASILEIRO,-1,NULO,PMDB,776,2,MASCULINO,2,ELEICOES ORDINARIAS,ESTADUAIS,-1,-1,-1,NULO,-1,NULO,-1,NULO,-1,-1
24/4/2014,19:52:11,1990,1,ELEICOES 1990,AC,AC,7,15117,-1,REZENE DE SOUZA LIMA,NULO,DEPUTADO ESTADUAL,-1,NULO,2,DEFERIDO,2,SUPLENTE,15,PMDB,PARTIDO DO MOVIMENTO DEMOCRATICO BRASILEIRO,-1,NULO,PMDB,573,-1,NULO,2,ELEICOES ORDINARIAS,ESTADUAIS,-1,-1,-1,NULO,-1,NULO,-1,NULO,-1,-1
24/4/2014,19:52:11,1990,1,ELEICOES 1990,AC,AC,7,15118,-1,MILTON RAMOS ESTEVES,NULO,DEPUTADO ESTADUAL,-1,NULO,2,DEFERIDO,2,SUPLENTE,15,PMDB,PARTIDO DO MOVIMENTO DEMOCRATICO BRASILEIRO,-1,NULO,PMDB,1252,2,MASCULINO,2,ELEICOES ORDINARIAS,ESTADUAIS,-1,-1,-1,NULO,-1,NULO,-1,NULO,-1,-1
24/4/2014,19:52:11,1990,1,ELEICOES 1990,AC,AC,7,15119,-1,FRANCISCO THAUMATURGO,NULO,DEPUTADO ESTADUAL,-1,NULO,2,DEFERIDO,2,SUPLENTE,15,PMDB,PARTIDO DO MOVIMENTO DEMOCRATICO BRASILEIRO,-1,NULO,PMDB,1079,2,MASCULINO,2,ELEICOES ORDINARIAS,ESTADUAIS,-1,-1,-1,NULO,-1,NULO,-1,NULO,-1,-1
24/4/2014,19:52:11,1990,1,ELEICOES 1990,AC,AC,7,15120,-1,JOSE ELSON SANTIAGO DE MELO,NULO,DEPUTADO ESTADUAL,-1,NULO,2,DEFERIDO,1,ELEITO,15,PMDB,PARTIDO DO MOVIMENTO DEMOCRATICO BRASILEIRO,-1,NULO,PMDB,1559,2,MASCULINO,2,ELEICOES ORDINARIAS,ESTADUAIS,-1,-1,-1,NULO,-1,NULO,-1,NULO,-1,-1
24/4/2014,19:52:11,1990,1,ELEICOES 1990,AC,AC,7,15121,-1,DARCI ROGERIO DO VALE,NULO,DEPUTADO ESTADUAL,-1,NULO,2,DEFERIDO,2,SUPLENTE,15,PMDB,PARTIDO DO MOVIMENTO DEMOCRATICO BRASILEIRO,-1,NULO,PMDB,794,2,MASCULINO,2,ELEICOES ORDINARIAS,ESTADUAIS,-1,-1,-1,NULO,-1,NULO,-1,NULO,-1,-1
24/4/2014,19:52:11,1990,1,ELEICOES 1990,AC,AC,7,15122,-1,VAGNER JOSE SALES,NULO,DEPUTADO ESTADUAL,-1,NULO,2,DEFERIDO,1,ELEITO,15,PMDB,PARTIDO DO MOVIMENTO DEMOCRATICO BRASILEIRO,-1,NULO,PMDB,2302,2,MASCULINO,2,ELEICOES ORDINARIAS,ESTADUAIS,-1,-1,-1,NULO,-1,NULO,-1,NULO,-1,-1
24/4/2014,19:52:11,1990,1,ELEICOES 1990,AC,AC,7,15123,-1,JOSE AMORIM BARBOSA,NULO,DEPUTADO ESTADUAL,-1,NULO,2,DEFERIDO,2,SUPLENTE,15,PMDB,PARTIDO DO MOVIMENTO DEMOCRATICO BRASILEIRO,-1,NULO,PMDB,339,2,MASCULINO,2,ELEICOES ORDINARIAS,ESTADUAIS,-1,-1,-1,NULO,-1,NULO,-1,NULO,-1,-1
24/4/2014,19:52:11,1990,1,ELEICOES 1990,AC,AC,7,15124,-1,MARIA ALICE MELO DE ARAUJO,NULO,DEPUTADO ESTADUAL,-1,NULO,2,DEFERIDO,2,SUPLENTE,15,PMDB,PARTIDO DO MOVIMENTO DEMOCRATICO BRASILEIRO,-1,NULO,PMDB,913,4,FEMININO,2,ELEICOES ORDINARIAS,ESTADUAIS,-1,-1,-1,NULO,-1,NULO,-1,NULO,-1,-1
24/4/2014,19:52:11,1990,1,ELEICOES 1990,AC,AC,7,15125,-1,RAIMUNDO NONATO MOURAO MARQUES,NULO,DEPUTADO ESTADUAL,-1,NULO,2,DEFERIDO,2,SUPLENTE,15,PMDB,PARTIDO DO MOVIMENTO DEMOCRATICO BRASILEIRO,-1,NULO,PMDB,232,2,MASCULINO,2,ELEICOES ORDINARIAS,ESTADUAIS,-1,-1,-1,NULO,-1,NULO,-1,NULO,-1,-1
24/4/2014,19:52:11,1990,1,ELEICOES 1990,AC,AC,7,15126,-1,JOSE MESSIAS RIBEIRO,NULO,DEPUTADO ESTADUAL,-1,NULO,2,DEFERIDO,2,SUPLENTE,15,PMDB,PARTIDO DO MOVIMENTO DEMOCRATICO BRASILEIRO,-1,NULO,PMDB,543,2,MASCULINO,2,ELEICOES ORDINARIAS,ESTADUAIS,-1,-1,-1,NULO,-1,NULO,-1,NULO,-1,-1
24/4/2014,19:52:11,1990,1,ELEICOES 1990,AC,AC,7,15127,-1,JOAO CORREIA LIMA SOBRINHO,NULO,DEPUTADO ESTADUAL,-1,NULO,2,DEFERIDO,1,ELEITO,15,PMDB,PARTIDO DO MOVIMENTO DEMOCRATICO BRASILEIRO,-1,NULO,PMDB,1490,2,MASCULINO,2,ELEICOES ORDINARIAS,ESTADUAIS,-1,-1,-1,NULO,-1,NULO,-1,NULO,-1,-1
24/4/2014,19:52:11,1990,1,ELEICOES 1990,AC,AC,7,15128,-1,JOSE ROSAS DE ARAUJO,NULO,DEPUTADO ESTADUAL,-1,NULO,2,DEFERIDO,2,SUPLENTE,15,PMDB,PARTIDO DO MOVIMENTO DEMOCRATICO BRASILEIRO,-1,NULO,PMDB,895,2,MASCULINO,2,ELEICOES ORDINARIAS,ESTADUAIS,-1,-1,-1,NULO,-1,NULO,-1,NULO,-1,-1
24/4/2014,19:52:11,1990,1,ELEICOES 1990,AC,AC,7,15129,-1,JURACI SEVERIANO DE SOUZA,NULO,DEPUTADO ESTADUAL,-1,NULO,2,DEFERIDO,2,SUPLENTE,15,PMDB,PARTIDO DO MOVIMENTO DEMOCRATICO BRASILEIRO,-1,NULO,PMDB,408,4,FEMININO,2,ELEICOES ORDINARIAS,ESTADUAIS,-1,-1,-1,NULO,-1,NULO,-1,NULO,-1,-1
24/4/2014,19:52:11,1990,1,ELEICOES 1990,AC,AC,7,15130,-1,JOSE TARCISIO MEDEIROS DE MORAES,NULO,DEPUTADO ESTADUAL,-1,NULO,2,DEFERIDO,1,ELEITO,15,PMDB,PARTIDO DO MOVIMENTO DEMOCRATICO BRASILEIRO,-1,NULO,PMDB,1315,2,MASCULINO,2,ELEICOES ORDINARIAS,ESTADUAIS,-1,-1,-1,NULO,-1,NULO,-1,NULO,-1,-1
24/4/2014,19:52:11,1990,1,ELEICOES 1990,AC,AC,7,15131,-1,RAIMUNDO VAZ DE AZEVEDO,NULO,DEPUTADO ESTADUAL,-1,NULO,2,DEFERIDO,2,SUPLENTE,15,PMDB,PARTIDO DO MOVIMENTO DEMOCRATICO BRASILEIRO,-1,NULO,PMDB,1268,2,MASCULINO,2,ELEICOES ORDINARIAS,ESTADUAIS,-1,-1,-1,NULO,-1,NULO,-1,NULO,-1,-1
24/4/2014,19:52:11,1990,1,ELEICOES 1990,AC,AC,7,15132,-1,NORMANDO RODRIGUES SALES,NULO,DEPUTADO ESTADUAL,-1,NULO,2,DEFERIDO,2,SUPLENTE,15,PMDB,PARTIDO DO MOVIMENTO DEMOCRATICO BRASILEIRO,-1,NULO,PMDB,1298,2,MASCULINO,2,ELEICOES ORDINARIAS,ESTADUAIS,-1,-1,-1,NULO,-1,NULO,-1,NULO,-1,-1
24/4/2014,19:52:11,1990,1,ELEICOES 1990,AC,AC,7,15133,-1,JOSIAS DE FARIAS FRANCA,NULO,DEPUTADO ESTADUAL,-1,NULO,2,DEFERIDO,2,SUPLENTE,15,PMDB,PARTIDO DO MOVIMENTO DEMOCRATICO BRASILEIRO,-1,NULO,PMDB,1087,2,MASCULINO,2,ELEICOES ORDINARIAS,ESTADUAIS,-1,-1,-1,NULO,-1,NULO,-1,NULO,-1,-1
24/4/2014,19:52:11,1990,1,ELEICOES 1990,AC,AC,7,15134,-1,FRANCISCO MARQUES MARINHEIRO,NULO,DEPUTADO ESTADUAL,-1,NULO,2,DEFERIDO,2,SUPLENTE,15,PMDB,PARTIDO DO MOVIMENTO DEMOCRATICO BRASILEIRO,-1,NULO,PMDB,683,2,MASCULINO,2,ELEICOES ORDINARIAS,ESTADUAIS,-1,-1,-1,NULO,-1,NULO,-1,NULO,-1,-1
24/4/2014,19:52:11,1990,1,ELEICOES 1990,AC,AC,7,15135,-1,ATILA VIANNA DE MATTOS,NULO,DEPUTADO ESTADUAL,-1,NULO,2,DEFERIDO,2,SUPLENTE,15,PMDB,PARTIDO DO MOVIMENTO DEMOCRATICO BRASILEIRO,-1,NULO,PMDB,1080,2,MASCULINO,2,ELEICOES ORDINARIAS,ESTADUAIS,-1,-1,-1,NULO,-1,NULO,-1,NULO,-1,-1
24/4/2014,19:52:11,1990,1,ELEICOES 1990,AC,AC,7,15136,-1,CARLOS AUGUSTO COELHO DE FARIAS,NULO,DEPUTADO ESTADUAL,-1,NULO,2,DEFERIDO,2,SUPLENTE,15,PMDB,PARTIDO DO MOVIMENTO DEMOCRATICO BRASILEIRO,-1,NULO,PMDB,568,2,MASCULINO,2,ELEICOES ORDINARIAS,ESTADUAIS,-1,-1,-1,NULO,-1,NULO,-1,NULO,-1,-1
24/4/2014,19:52:11,1990,1,ELEICOES 1990,AC,AC,7,17111,-1,PAULO NOGUEIRA GOMES,NULO,DEPUTADO ESTADUAL,-1,NULO,2,DEFERIDO,2,SUPLENTE,17,PDC,PARTIDO DEMOCRATA CRISTAO,-1,NULO,PTB / PDC / PL / PFL / PTR / PRN,20,2,MASCULINO,2,ELEICOES ORDINARIAS,ESTADUAIS,-1,-1,-1,NULO,-1,NULO,-1,NULO,-1,-1
24/4/2014,19:52:11,1990,1,ELEICOES 1990,AC,AC,7,22101,-1,RAIMUNDO DIAS PAES,NULO,DEPUTADO ESTADUAL,-1,NULO,2,DEFERIDO,2,SUPLENTE,22,PL,PARTIDO LIBERAL,-1,NULO,PTB / PDC / PL / PFL / PTR / PRN,270,2,MASCULINO,2,ELEICOES ORDINARIAS,ESTADUAIS,-1,-1,-1,NULO,-1,NULO,-1,NULO,-1,-1
24/4/2014,19:52:11,1990,1,ELEICOES 1990,AC,AC,7,22102,-1,FRANCISCO DE OLIVEIRA VIDAL,NULO,DEPUTADO ESTADUAL,-1,NULO,2,DEFERIDO,2,SUPLENTE,22,PL,PARTIDO LIBERAL,-1,NULO,PTB / PDC / PL / PFL / PTR / PRN,566,2,MASCULINO,2,ELEICOES ORDINARIAS,ESTADUAIS,-1,-1,-1,NULO,-1,NULO,-1,NULO,-1,-1
24/4/2014,19:52:11,1990,1,ELEICOES 1990,AC,AC,7,22103,-1,FRANCISCO ALVES VIEIRA,NULO,DEPUTADO ESTADUAL,-1,NULO,2,DEFERIDO,2,SUPLENTE,22,PL,PARTIDO LIBERAL,-1,NULO,PTB / PDC / PL / PFL / PTR / PRN,655,2,MASCULINO,2,ELEICOES ORDINARIAS,ESTADUAIS,-1,-1,-1,NULO,-1,NULO,-1,NULO,-1,-1
24/4/2014,19:52:11,1990,1,ELEICOES 1990,AC,AC,7,22104,-1,MARIA SOCORRO VIEIRA JORGE,NULO,DEPUTADO ESTADUAL,-1,NULO,2,DEFERIDO,2,SUPLENTE,22,PL,PARTIDO LIBERAL,-1,NULO,PTB / PDC / PL / PFL / PTR / PRN,257,4,FEMININO,2,ELEICOES ORDINARIAS,ESTADUAIS,-1,-1,-1,NULO,-1,NULO,-1,NULO,-1,-1
24/4/2014,19:52:11,1990,1,ELEICOES 1990,AC,AC,7,22105,-1,JOSE ALVES DA SILVA,NULO,DEPUTADO ESTADUAL,-1,NULO,2,DEFERIDO,2,SUPLENTE,22,PL,PARTIDO LIBERAL,-1,NULO,PTB / PDC / PL / PFL / PTR / PRN,62,2,MASCULINO,2,ELEICOES ORDINARIAS,ESTADUAIS,-1,-1,-1,NULO,-1,NULO,-1,NULO,-1,-1
24/4/2014,19:52:11,1990,1,ELEICOES 1990,AC,AC,7,22106,-1,ROMEU DELILO,NULO,DEPUTADO ESTADUAL,-1,NULO,2,DEFERIDO,2,SUPLENTE,22,PL,PARTIDO LIBERAL,-1,NULO,PTB / PDC / PL / PFL / PTR / PRN,262,2,MASCULINO,2,ELEICOES ORDINARIAS,ESTADUAIS,-1,-1,-1,NULO,-1,NULO,-1,NULO,-1,-1
24/4/2014,19:52:11,1990,1,ELEICOES 1990,AC,AC,7,22107,-1,WANDERLEY ZAIRE LOPES,NULO,DEPUTADO ESTADUAL,-1,NULO,2,DEFERIDO,2,SUPLENTE,22,PL,PARTIDO LIBERAL,-1,NULO,PTB / PDC / PL / PFL / PTR / PRN,467,2,MASCULINO,2,ELEICOES ORDINARIAS,ESTADUAIS,-1,-1,-1,NULO,-1,NULO,-1,NULO,-1,-1
24/4/2014,19:52:11,1990,1,ELEICOES 1990,AC,AC,7,22109,-1,FRANCISCO DE ASSIS PAULA DA SILVA,NULO,DEPUTADO ESTADUAL,-1,NULO,2,DEFERIDO,2,SUPLENTE,22,PL,PARTIDO LIBERAL,-1,NULO,PTB / PDC / PL / PFL / PTR / PRN,314,2,MASCULINO,2,ELEICOES ORDINARIAS,ESTADUAIS,-1,-1,-1,NULO,-1,NULO,-1,NULO,-1,-1
24/4/2014,19:52:11,1990,1,ELEICOES 1990,AC,AC,7,22110,-1,NILDA DANTAS PIRES,NULO,DEPUTADO ESTADUAL,-1,NULO,2,DEFERIDO,2,SUPLENTE,22,PL,PARTIDO LIBERAL,-1,NULO,PTB / PDC / PL / PFL / PTR / PRN,169,4,FEMININO,2,ELEICOES ORDINARIAS,ESTADUAIS,-1,-1,-1,NULO,-1,NULO,-1,NULO,-1,-1
24/4/2014,19:52:11,1990,1,ELEICOES 1990,AC,AC,7,22111,-1,FRANK CESARIO DE SOUZA,NULO,DEPUTADO ESTADUAL,-1,NULO,2,DEFERIDO,2,SUPLENTE,22,PL,PARTIDO LIBERAL,-1,NULO,PTB / PDC / PL / PFL / PTR / PRN,372,2,MASCULINO,2,ELEICOES ORDINARIAS,ESTADUAIS,-1,-1,-1,NULO,-1,NULO,-1,NULO,-1,-1
24/4/2014,19:52:11,1990,1,ELEICOES 1990,AC,AC,7,22112,-1,JOAO FRANCISCO FERREIRA,NULO,DEPUTADO ESTADUAL,-1,NULO,2,DEFERIDO,2,SUPLENTE,22,PL,PARTIDO LIBERAL,-1,NULO,PTB / PDC / PL / PFL / PTR / PRN,102,2,MASCULINO,2,ELEICOES ORDINARIAS,ESTADUAIS,-1,-1,-1,NULO,-1,NULO,-1,NULO,-1,-1
24/4/2014,19:52:11,1990,1,ELEICOES 1990,AC,AC,7,22113,-1,OSVALDO GOMES DE ALENCAR,NULO,DEPUTADO ESTADUAL,-1,NULO,2,DEFERIDO,2,SUPLENTE,22,PL,PARTIDO LIBERAL,-1,NULO,PTB / PDC / PL / PFL / PTR / PRN,139,2,MASCULINO,2,ELEICOES ORDINARIAS,ESTADUAIS,-1,-1,-1,NULO,-1,NULO,-1,NULO,-1,-1
24/4/2014,19:52:11,1990,1,ELEICOES 1990,AC,AC,7,22116,-1,IDELCY BARRETO DE MATOS,NULO,DEPUTADO ESTADUAL,-1,NULO,2,DEFERIDO,2,SUPLENTE,22,PL,PARTIDO LIBERAL,-1,NULO,PTB / PDC / PL / PFL / PTR / PRN,155,4,FEMININO,2,ELEICOES ORDINARIAS,ESTADUAIS,-1,-1,-1,NULO,-1,NULO,-1,NULO,-1,-1
24/4/2014,19:52:11,1990,1,ELEICOES 1990,AC,AC,7,22120,-1,ENDY JORGE RODRIGUES DA SILVA,NULO,DEPUTADO ESTADUAL,-1,NULO,2,DEFERIDO,2,SUPLENTE,22,PL,PARTIDO LIBERAL,-1,NULO,PTB / PDC / PL / PFL / PTR / PRN,133,4,FEMININO,2,ELEICOES ORDINARIAS,ESTADUAIS,-1,-1,-1,NULO,-1,NULO,-1,NULO,-1,-1
24/4/2014,19:52:11,1990,1,ELEICOES 1990,AC,AC,7,22122,-1,JOSIAS GARCIA DA SILVA,NULO,DEPUTADO ESTADUAL,-1,NULO,2,DEFERIDO,2,SUPLENTE,22,PL,PARTIDO LIBERAL,-1,NULO,PTB / PDC / PL / PFL / PTR / PRN,458,2,MASCULINO,2,ELEICOES ORDINARIAS,ESTADUAIS,-1,-1,-1,NULO,-1,NULO,-1,NULO,-1,-1
24/4/2014,19:52:11,1990,1,ELEICOES 1990,AC,AC,7,22123,-1,NELSON FRANCISCO,NULO,DEPUTADO ESTADUAL,-1,NULO,2,DEFERIDO,2,SUPLENTE,22,PL,PARTIDO LIBERAL,-1,NULO,PTB / PDC / PL / PFL / PTR / PRN,157,2,MASCULINO,2,ELEICOES ORDINARIAS,ESTADUAIS,-1,-1,-1,NULO,-1,NULO,-1,NULO,-1,-1
24/4/2014,19:52:11,1990,1,ELEICOES 1990,AC,AC,7,22130,-1,ANTONIO COUTO FONSECA,NULO,DEPUTADO ESTADUAL,-1,NULO,2,DEFERIDO,2,SUPLENTE,22,PL,PARTIDO LIBERAL,-1,NULO,PTB / PDC / PL / PFL / PTR / PRN,313,2,MASCULINO,2,ELEICOES ORDINARIAS,ESTADUAIS,-1,-1,-1,NULO,-1,NULO,-1,NULO,-1,-1
24/4/2014,19:52:11,1990,1,ELEICOES 1990,AC,AC,7,22150,-1,JOSE CARLOS PINTO FURTADO,NULO,DEPUTADO ESTADUAL,-1,NULO,2,DEFERIDO,2,SUPLENTE,22,PL,PARTIDO LIBERAL,-1,NULO,PTB / PDC / PL / PFL / PTR / PRN,437,2,MASCULINO,2,ELEICOES ORDINARIAS,ESTADUAIS,-1,-1,-1,NULO,-1,NULO,-1,NULO,-1,-1
24/4/2014,19:52:11,1990,1,ELEICOES 1990,AC,AC,7,22180,-1,JOSE CLOVIS REZENDE TAUMATURGO,NULO,DEPUTADO ESTADUAL,-1,NULO,2,DEFERIDO,2,SUPLENTE,22,PL,PARTIDO LIBERAL,-1,NULO,PTB / PDC / PL / PFL / PTR / PRN,202,2,MASCULINO,2,ELEICOES ORDINARIAS,ESTADUAIS,-1,-1,-1,NULO,-1,NULO,-1,NULO,-1,-1
24/4/2014,19:52:11,1990,1,ELEICOES 1990,AC,AC,7,22200,-1,LUIZ GONZAGA VIEIRA DE ARAUJO,NULO,DEPUTADO ESTADUAL,-1,NULO,2,DEFERIDO,2,SUPLENTE,22,PL,PARTIDO LIBERAL,-1,NULO,PTB / PDC / PL / PFL / PTR / PRN,469,2,MASCULINO,2,ELEICOES ORDINARIAS,ESTADUAIS,-1,-1,-1,NULO,-1,NULO,-1,NULO,-1,-1
24/4/2014,19:52:11,1990,1,ELEICOES 1990,AC,AC,7,22220,-1,FRANCISCO BEZERRA DE ALMEIDA,NULO,DEPUTADO ESTADUAL,-1,NULO,2,DEFERIDO,2,SUPLENTE,22,PL,PARTIDO LIBERAL,-1,NULO,PTB / PDC / PL / PFL / PTR / PRN,191,2,MASCULINO,2,ELEICOES ORDINARIAS,ESTADUAIS,-1,-1,-1,NULO,-1,NULO,-1,NULO,-1,-1
24/4/2014,19:52:11,1990,1,ELEICOES 1990,AC,AC,7,22221,-1,RUI ALVES PEREIRA,NULO,DEPUTADO ESTADUAL,-1,NULO,2,DEFERIDO,2,SUPLENTE,22,PL,PARTIDO LIBERAL,-1,NULO,PTB / PDC / PL / PFL / PTR / PRN,303,2,MASCULINO,2,ELEICOES ORDINARIAS,ESTADUAIS,-1,-1,-1,NULO,-1,NULO,-1,NULO,-1,-1
24/4/2014,19:52:11,1990,1,ELEICOES 1990,AC,AC,7,22222,-1,LUIZ DE OLIVEIRA GARCIA,NULO,DEPUTADO ESTADUAL,-1,NULO,2,DEFERIDO,1,ELEITO,22,PL,PARTIDO LIBERAL,-1,NULO,PTB / PDC / PL / PFL / PTR / PRN,896,2,MASCULINO,2,ELEICOES ORDINARIAS,ESTADUAIS,-1,-1,-1,NULO,-1,NULO,-1,NULO,-1,-1
24/4/2014,19:52:11,1990,1,ELEICOES 1990,AC,AC,7,22223,-1,LUIS SARAIVA CORREIA,NULO,DEPUTADO ESTADUAL,-1,NULO,2,DEFERIDO,1,ELEITO,22,PL,PARTIDO LIBERAL,-1,NULO,PTB / PDC / PL / PFL / PTR / PRN,693,2,MASCULINO,2,ELEICOES ORDINARIAS,ESTADUAIS,-1,-1,-1,NULO,-1,NULO,-1,NULO,-1,-1
24/4/2014,19:52:11,1990,1,ELEICOES 1990,AC,AC,7,22230,-1,MARIANO RIBEIRO DE OLIVEIRA,NULO,DEPUTADO ESTADUAL,-1,NULO,2,DEFERIDO,2,SUPLENTE,22,PL,PARTIDO LIBERAL,-1,NULO,PTB / PDC / PL / PFL / PTR / PRN,188,2,MASCULINO,2,ELEICOES ORDINARIAS,ESTADUAIS,-1,-1,-1,NULO,-1,NULO,-1,NULO,-1,-1
24/4/2014,19:52:11,1990,1,ELEICOES 1990,AC,AC,7,22233,-1,LAUDEMIRO CARLOS BARROSO,NULO,DEPUTADO ESTADUAL,-1,NULO,2,DEFERIDO,2,SUPLENTE,22,PL,PARTIDO LIBERAL,-1,NULO,PTB / PDC / PL / PFL / PTR / PRN,107,2,MASCULINO,2,ELEICOES ORDINARIAS,ESTADUAIS,-1,-1,-1,NULO,-1,NULO,-1,NULO,-1,-1
24/4/2014,19:52:11,1990,1,ELEICOES 1990,AC,AC,7,22244,-1,SEBASTIAO PEDRO REDA,NULO,DEPUTADO ESTADUAL,-1,NULO,2,DEFERIDO,2,SUPLENTE,22,PL,PARTIDO LIBERAL,-1,NULO,PTB / PDC / PL / PFL / PTR / PRN,271,2,MASCULINO,2,ELEICOES ORDINARIAS,ESTADUAIS,-1,-1,-1,NULO,-1,NULO,-1,NULO,-1,-1
24/4/2014,19:52:11,1990,1,ELEICOES 1990,AC,AC,7,22250,-1,RUSLAN MAGALHAES DE ABREU,NULO,DEPUTADO ESTADUAL,-1,NULO,2,DEFERIDO,2,SUPLENTE,22,PL,PARTIDO LIBERAL,-1,NULO,PTB / PDC / PL / PFL / PTR / PRN,70,2,MASCULINO,2,ELEICOES ORDINARIAS,ESTADUAIS,-1,-1,-1,NULO,-1,NULO,-1,NULO,-1,-1
24/4/2014,19:52:11,1990,1,ELEICOES 1990,AC,AC,7,22292,-1,MANOEL GOMES SOCORRO DA SILVA,NULO,DEPUTADO ESTADUAL,-1,NULO,2,DEFERIDO,2,SUPLENTE,22,PL,PARTIDO LIBERAL,-1,NULO,PTB / PDC / PL / PFL / PTR / PRN,235,2,MASCULINO,2,ELEICOES ORDINARIAS,ESTADUAIS,-1,-1,-1,NULO,-1,NULO,-1,NULO,-1,-1
24/4/2014,19:52:11,1990,1,ELEICOES 1990,AC,AC,7,22299,-1,LUIZ ANTONIO RANGEL DE OLIVEIRA,NULO,DEPUTADO ESTADUAL,-1,NULO,2,DEFERIDO,2,SUPLENTE,22,PL,PARTIDO LIBERAL,-1,NULO,PTB / PDC / PL / PFL / PTR / PRN,248,2,MASCULINO,2,ELEICOES ORDINARIAS,ESTADUAIS,-1,-1,-1,NULO,-1,NULO,-1,NULO,-1,-1
24/4/2014,19:52:11,1990,1,ELEICOES 1990,AC,AC,7,25201,-1,JOAO BATISTA FREITAS DE OLIVEIRA,NULO,DEPUTADO ESTADUAL,-1,NULO,2,DEFERIDO,2,SUPLENTE,25,PFL,PARTIDO DA FRENTE LIBERAL ,-1,NULO,PTB / PDC / PL / PFL / PTR / PRN,665,2,MASCULINO,2,ELEICOES ORDINARIAS,ESTADUAIS,-1,-1,-1,NULO,-1,NULO,-1,NULO,-1,-1
24/4/2014,19:52:11,1990,1,ELEICOES 1990,AC,AC,7,25203,-1,CARLOS ALBERTO FERREIRA DE SALES,NULO,DEPUTADO ESTADUAL,-1,NULO,2,DEFERIDO,2,SUPLENTE,25,PFL,PARTIDO DA FRENTE LIBERAL ,-1,NULO,PTB / PDC / PL / PFL / PTR / PRN,379,2,MASCULINO,2,ELEICOES ORDINARIAS,ESTADUAIS,-1,-1,-1,NULO,-1,NULO,-1,NULO,-1,-1
24/4/2014,19:52:11,1990,1,ELEICOES 1990,AC,AC,7,25210,-1,HELIO LOPES DA SILVA,NULO,DEPUTADO ESTADUAL,-1,NULO,2,DEFERIDO,2,SUPLENTE,25,PFL,PARTIDO DA FRENTE LIBERAL ,-1,NULO,PTB / PDC / PL / PFL / PTR / PRN,376,2,MASCULINO,2,ELEICOES ORDINARIAS,ESTADUAIS,-1,-1,-1,NULO,-1,NULO,-1,NULO,-1,-1
24/4/2014,19:52:11,1990,1,ELEICOES 1990,AC,AC,7,25211,-1,RAIMUNDO GOMES LEITAO,NULO,DEPUTADO ESTADUAL,-1,NULO,2,DEFERIDO,1,ELEITO,25,PFL,PARTIDO DA FRENTE LIBERAL ,-1,NULO,PTB / PDC / PL / PFL / PTR / PRN,813,2,MASCULINO,2,ELEICOES ORDINARIAS,ESTADUAIS,-1,-1,-1,NULO,-1,NULO,-1,NULO,-1,-1
24/4/2014,19:52:11,1990,1,ELEICOES 1990,AC,AC,7,25220,-1,PAULO HERONCIO DE OLIVEIRA,NULO,DEPUTADO ESTADUAL,-1,NULO,2,DEFERIDO,2,SUPLENTE,25,PFL,PARTIDO DA FRENTE LIBERAL ,-1,NULO,PTB / PDC / PL / PFL / PTR / PRN,288,2,MASCULINO,2,ELEICOES ORDINARIAS,ESTADUAIS,-1,-1,-1,NULO,-1,NULO,-1,NULO,-1,-1
24/4/2014,19:52:11,1990,1,ELEICOES 1990,AC,AC,7,25221,-1,JOSE CARLOS DOS ANJOS FERNANDES,NULO,DEPUTADO ESTADUAL,-1,NULO,2,DEFERIDO,2,SUPLENTE,25,PFL,PARTIDO DA FRENTE LIBERAL ,-1,NULO,PTB / PDC / PL / PFL / PTR / PRN,83,2,MASCULINO,2,ELEICOES ORDINARIAS,ESTADUAIS,-1,-1,-1,NULO,-1,NULO,-1,NULO,-1,-1
24/4/2014,19:52:11,1990,1,ELEICOES 1990,AC,AC,7,25222,-1,ARLINDO FERREIRA DA CUNHA,NULO,DEPUTADO ESTADUAL,-1,NULO,2,DEFERIDO,2,SUPLENTE,25,PFL,PARTIDO DA FRENTE LIBERAL ,-1,NULO,PTB / PDC / PL / PFL / PTR / PRN,342,2,MASCULINO,2,ELEICOES ORDINARIAS,ESTADUAIS,-1,-1,-1,NULO,-1,NULO,-1,NULO,-1,-1
24/4/2014,19:52:11,1990,1,ELEICOES 1990,AC,AC,7,25225,-1,AZEMAIR MACARIO DE OLIVEIRA,NULO,DEPUTADO ESTADUAL,-1,NULO,2,DEFERIDO,2,SUPLENTE,25,PFL,PARTIDO DA FRENTE LIBERAL ,-1,NULO,PTB / PDC / PL / PFL / PTR / PRN,569,-1,NULO,2,ELEICOES ORDINARIAS,ESTADUAIS,-1,-1,-1,NULO,-1,NULO,-1,NULO,-1,-1
24/4/2014,19:52:11,1990,1,ELEICOES 1990,AC,AC,7,25230,-1,OSCAR ALVES DE MENEZES,NULO,DEPUTADO ESTADUAL,-1,NULO,2,DEFERIDO,2,SUPLENTE,25,PFL,PARTIDO DA FRENTE LIBERAL ,-1,NULO,PTB / PDC / PL / PFL / PTR / PRN,452,2,MASCULINO,2,ELEICOES ORDINARIAS,ESTADUAIS,-1,-1,-1,NULO,-1,NULO,-1,NULO,-1,-1
24/4/2014,19:52:11,1990,1,ELEICOES 1990,AC,AC,7,25233,-1,EDILO LOPES DA SILVA,NULO,DEPUTADO ESTADUAL,-1,NULO,2,DEFERIDO,2,SUPLENTE,25,PFL,PARTIDO DA FRENTE LIBERAL ,-1,NULO,PTB / PDC / PL / PFL / PTR / PRN,107,2,MASCULINO,2,ELEICOES ORDINARIAS,ESTADUAIS,-1,-1,-1,NULO,-1,NULO,-1,NULO,-1,-1
24/4/2014,19:52:11,1990,1,ELEICOES 1990,AC,AC,7,25252,-1,JOAO DE CASTRO BRANCO,NULO,DEPUTADO ESTADUAL,-1,NULO,2,DEFERIDO,2,SUPLENTE,25,PFL,PARTIDO DA FRENTE LIBERAL ,-1,NULO,PTB / PDC / PL / PFL / PTR / PRN,143,2,MASCULINO,2,ELEICOES ORDINARIAS,ESTADUAIS,-1,-1,-1,NULO,-1,NULO,-1,NULO,-1,-1
24/4/2014,19:52:11,1990,1,ELEICOES 1990,AC,AC,7,25255,-1,EDILO RODRIGUES FERREIRA,NULO,DEPUTADO ESTADUAL,-1,NULO,2,DEFERIDO,2,SUPLENTE,25,PFL,PARTIDO DA FRENTE LIBERAL ,-1,NULO,PTB / PDC / PL / PFL / PTR / PRN,315,2,MASCULINO,2,ELEICOES ORDINARIAS,ESTADUAIS,-1,-1,-1,NULO,-1,NULO,-1,NULO,-1,-1
24/4/2014,19:52:11,1990,1,ELEICOES 1990,AC,AC,7,28110,-1,RAIFE COUTO DE SOUSA,NULO,DEPUTADO ESTADUAL,-1,NULO,2,DEFERIDO,2,SUPLENTE,28,PTR,PARTIDO TRABALHISTA RENOVADOR,-1,NULO,PTB / PDC / PL / PFL / PTR / PRN,139,2,MASCULINO,2,ELEICOES ORDINARIAS,ESTADUAIS,-1,-1,-1,NULO,-1,NULO,-1,NULO,-1,-1
24/4/2014,19:52:11,1990,1,ELEICOES 1990,AC,AC,7,28111,-1,ANTONIO MAGNO SOARES DE PONTES,NULO,DEPUTADO ESTADUAL,-1,NULO,2,DEFERIDO,2,SUPLENTE,28,PTR,PARTIDO TRABALHISTA RENOVADOR,-1,NULO,PTB / PDC / PL / PFL / PTR / PRN,72,2,MASCULINO,2,ELEICOES ORDINARIAS,ESTADUAIS,-1,-1,-1,NULO,-1,NULO,-1,NULO,-1,-1
24/4/2014,19:52:11,1990,1,ELEICOES 1990,AC,AC,7,28120,-1,EDISON DE SOUZA NOGUEIRA,NULO,DEPUTADO ESTADUAL,-1,NULO,2,DEFERIDO,2,SUPLENTE,28,PTR,PARTIDO TRABALHISTA RENOVADOR,-1,NULO,PTB / PDC / PL / PFL / PTR / PRN,147,2,MASCULINO,2,ELEICOES ORDINARIAS,ESTADUAIS,-1,-1,-1,NULO,-1,NULO,-1,NULO,-1,-1
24/4/2014,19:52:11,1990,1,ELEICOES 1990,AC,AC,7,33133,-1,BENEDITO WALTER DAMASCENO,NULO,DEPUTADO ESTADUAL,-1,NULO,2,DEFERIDO,4,NAO ELEITO,33,PMN,PARTIDO DA MOBILIZACAO NACIONAL,-1,NULO,PMN,77,2,MASCULINO,2,ELEICOES ORDINARIAS,ESTADUAIS,-1,-1,-1,NULO,-1,NULO,-1,NULO,-1,-1
24/4/2014,19:52:11,1990,1,ELEICOES 1990,AC,AC,7,36101,-1,FRANCISCO DE SOUZA MEDEIROS,NULO,DEPUTADO ESTADUAL,-1,NULO,2,DEFERIDO,2,SUPLENTE,36,PRN,PARTIDO DA RECONSTRUCAO NACIONAL,-1,NULO,PTB / PDC / PL / PFL / PTR / PRN,112,2,MASCULINO,2,ELEICOES ORDINARIAS,ESTADUAIS,-1,-1,-1,NULO,-1,NULO,-1,NULO,-1,-1
24/4/2014,19:52:11,1990,1,ELEICOES 1990,AC,AC,7,36102,-1,JOAO LIMA DE FREITAS,NULO,DEPUTADO ESTADUAL,-1,NULO,2,DEFERIDO,2,SUPLENTE,36,PRN,PARTIDO DA RECONSTRUCAO NACIONAL,-1,NULO,PTB / PDC / PL / PFL / PTR / PRN,463,2,MASCULINO,2,ELEICOES ORDINARIAS,ESTADUAIS,-1,-1,-1,NULO,-1,NULO,-1,NULO,-1,-1
24/4/2014,19:52:11,1990,1,ELEICOES 1990,AC,AC,7,36103,-1,JOSE CARLOS CASTELO BRANCO,NULO,DEPUTADO ESTADUAL,-1,NULO,2,DEFERIDO,2,SUPLENTE,36,PRN,PARTIDO DA RECONSTRUCAO NACIONAL,-1,NULO,PTB / PDC / PL / PFL / PTR / PRN,172,2,MASCULINO,2,ELEICOES ORDINARIAS,ESTADUAIS,-1,-1,-1,NULO,-1,NULO,-1,NULO,-1,-1
24/4/2014,19:52:11,1990,1,ELEICOES 1990,AC,AC,7,36105,-1,ELIEOIO ALMEIDA DO NASCIMENTO,NULO,DEPUTADO ESTADUAL,-1,NULO,2,DEFERIDO,2,SUPLENTE,36,PRN,PARTIDO DA RECONSTRUCAO NACIONAL,-1,NULO,PTB / PDC / PL / PFL / PTR / PRN,204,-1,NULO,2,ELEICOES ORDINARIAS,ESTADUAIS,-1,-1,-1,NULO,-1,NULO,-1,NULO,-1,-1
24/4/2014,19:52:11,1990,1,ELEICOES 1990,AC,AC,7,36106,-1,MARCELINO KUHNEN,NULO,DEPUTADO ESTADUAL,-1,NULO,2,DEFERIDO,2,SUPLENTE,36,PRN,PARTIDO DA RECONSTRUCAO NACIONAL,-1,NULO,PTB / PDC / PL / PFL / PTR / PRN,124,2,MASCULINO,2,ELEICOES ORDINARIAS,ESTADUAIS,-1,-1,-1,NULO,-1,NULO,-1,NULO,-1,-1
24/4/2014,19:52:11,1990,1,ELEICOES 1990,AC,AC,7,36108,-1,ELSON BEZERRA DA SILVA COSTA,NULO,DEPUTADO ESTADUAL,-1,NULO,2,DEFERIDO,1,ELEITO,36,PRN,PARTIDO DA RECONSTRUCAO NACIONAL,-1,NULO,PTB / PDC / PL / PFL / PTR / PRN,1375,2,MASCULINO,2,ELEICOES ORDINARIAS,ESTADUAIS,-1,-1,-1,NULO,-1,NULO,-1,NULO,-1,-1
24/4/2014,19:52:11,1990,1,ELEICOES 1990,AC,AC,7,36109,-1,ALDEMIR DE CASTRO MACIEL,NULO,DEPUTADO ESTADUAL,-1,NULO,2,DEFERIDO,2,SUPLENTE,36,PRN,PARTIDO DA RECONSTRUCAO NACIONAL,-1,NULO,PTB / PDC / PL / PFL / PTR / PRN,231,2,MASCULINO,2,ELEICOES ORDINARIAS,ESTADUAIS,-1,-1,-1,NULO,-1,NULO,-1,NULO,-1,-1
24/4/2014,19:52:11,1990,1,ELEICOES 1990,AC,AC,7,36110,-1,MANOEL LEAO LIMA,NULO,DEPUTADO ESTADUAL,-1,NULO,2,DEFERIDO,2,SUPLENTE,36,PRN,PARTIDO DA RECONSTRUCAO NACIONAL,-1,NULO,PTB / PDC / PL / PFL / PTR / PRN,189,2,MASCULINO,2,ELEICOES ORDINARIAS,ESTADUAIS,-1,-1,-1,NULO,-1,NULO,-1,NULO,-1,-1
24/4/2014,19:52:11,1990,1,ELEICOES 1990,AC,AC,7,36111,-1,LUIZ BRANDAO HASSEM,NULO,DEPUTADO ESTADUAL,-1,NULO,2,DEFERIDO,1,ELEITO,36,PRN,PARTIDO DA RECONSTRUCAO NACIONAL,-1,NULO,PTB / PDC / PL / PFL / PTR / PRN,751,2,MASCULINO,2,ELEICOES ORDINARIAS,ESTADUAIS,-1,-1,-1,NULO,-1,NULO,-1,NULO,-1,-1
24/4/2014,19:52:11,1990,1,ELEICOES 1990,AC,AC,7,36111,-1,RUBENS DE OLIVEIRA SAAB,NULO,DEPUTADO ESTADUAL,-1,NULO,2,DEFERIDO,2,SUPLENTE,36,PRN,PARTIDO DA RECONSTRUCAO NACIONAL,-1,NULO,PTB / PDC / PL / PFL / PTR / PRN,183,2,MASCULINO,2,ELEICOES ORDINARIAS,ESTADUAIS,-1,-1,-1,NULO,-1,NULO,-1,NULO,-1,-1
24/4/2014,19:52:11,1990,1,ELEICOES 1990,AC,AC,7,36112,-1,JOSE BEZERRA REBOUCAS,NULO,DEPUTADO ESTADUAL,-1,NULO,2,DEFERIDO,2,SUPLENTE,36,PRN,PARTIDO DA RECONSTRUCAO NACIONAL,-1,NULO,PTB / PDC / PL / PFL / PTR / PRN,627,2,MASCULINO,2,ELEICOES ORDINARIAS,ESTADUAIS,-1,-1,-1,NULO,-1,NULO,-1,NULO,-1,-1
24/4/2014,19:52:11,1990,1,ELEICOES 1990,AC,AC,7,36113,-1,NILCE MACHADO DA ROCHA GOMES,NULO,DEPUTADO ESTADUAL,-1,NULO,2,DEFERIDO,2,SUPLENTE,36,PRN,PARTIDO DA RECONSTRUCAO NACIONAL,-1,NULO,PTB / PDC / PL / PFL / PTR / PRN,475,4,FEMININO,2,ELEICOES ORDINARIAS,ESTADUAIS,-1,-1,-1,NULO,-1,NULO,-1,NULO,-1,-1
24/4/2014,19:52:11,1990,1,ELEICOES 1990,AC,AC,7,36115,-1,JOSE BENTO DE ALENCAR,NULO,DEPUTADO ESTADUAL,-1,NULO,2,DEFERIDO,4,NAO ELEITO,36,PRN,PARTIDO DA RECONSTRUCAO NACIONAL,-1,NULO,PTB / PDC / PL / PFL / PTR / PRN,65,2,MASCULINO,2,ELEICOES ORDINARIAS,ESTADUAIS,-1,-1,-1,NULO,-1,NULO,-1,NULO,-1,-1
24/4/2014,19:52:11,1990,1,ELEICOES 1990,AC,AC,7,36116,-1,ADALBERTO QUEIROZ DE MELO,NULO,DEPUTADO ESTADUAL,-1,NULO,2,DEFERIDO,2,SUPLENTE,36,PRN,PARTIDO DA RECONSTRUCAO NACIONAL,-1,NULO,PTB / PDC / PL / PFL / PTR / PRN,274,2,MASCULINO,2,ELEICOES ORDINARIAS,ESTADUAIS,-1,-1,-1,NULO,-1,NULO,-1,NULO,-1,-1
24/4/2014,19:52:11,1990,1,ELEICOES 1990,AC,AC,7,36117,-1,BELCHIOR CANIZO BRASIL,NULO,DEPUTADO ESTADUAL,-1,NULO,2,DEFERIDO,2,SUPLENTE,36,PRN,PARTIDO DA RECONSTRUCAO NACIONAL,-1,NULO,PTB / PDC / PL / PFL / PTR / PRN,270,2,MASCULINO,2,ELEICOES ORDINARIAS,ESTADUAIS,-1,-1,-1,NULO,-1,NULO,-1,NULO,-1,-1
24/4/2014,19:52:11,1990,1,ELEICOES 1990,AC,AC,7,36118,-1,MARIO JOSE NASCIMENTO,NULO,DEPUTADO ESTADUAL,-1,NULO,2,DEFERIDO,2,SUPLENTE,36,PRN,PARTIDO DA RECONSTRUCAO NACIONAL,-1,NULO,PTB / PDC / PL / PFL / PTR / PRN,152,2,MASCULINO,2,ELEICOES ORDINARIAS,ESTADUAIS,-1,-1,-1,NULO,-1,NULO,-1,NULO,-1,-1
24/4/2014,19:52:11,1990,1,ELEICOES 1990,AC,AC,7,36119,-1,FRANESI DA SILVA RIBEIRO,NULO,DEPUTADO ESTADUAL,-1,NULO,2,DEFERIDO,2,SUPLENTE,36,PRN,PARTIDO DA RECONSTRUCAO NACIONAL,-1,NULO,PTB / PDC / PL / PFL / PTR / PRN,558,-1,NULO,2,ELEICOES ORDINARIAS,ESTADUAIS,-1,-1,-1,NULO,-1,NULO,-1,NULO,-1,-1
24/4/2014,19:52:11,1990,1,ELEICOES 1990,AC,AC,7,36120,-1,JOSE AFONSO GEBER,NULO,DEPUTADO ESTADUAL,-1,NULO,2,DEFERIDO,2,SUPLENTE,36,PRN,PARTIDO DA RECONSTRUCAO NACIONAL,-1,NULO,PTB / PDC / PL / PFL / PTR / PRN,327,2,MASCULINO,2,ELEICOES ORDINARIAS,ESTADUAIS,-1,-1,-1,NULO,-1,NULO,-1,NULO,-1,-1
24/4/2014,19:52:11,1990,1,ELEICOES 1990,AC,AC,7,36121,-1,VANDERLEY VIEIRA DE LIMA,NULO,DEPUTADO ESTADUAL,-1,NULO,2,DEFERIDO,2,SUPLENTE,36,PRN,PARTIDO DA RECONSTRUCAO NACIONAL,-1,NULO,PTB / PDC / PL / PFL / PTR / PRN,611,2,MASCULINO,2,ELEICOES ORDINARIAS,ESTADUAIS,-1,-1,-1,NULO,-1,NULO,-1,NULO,-1,-1
24/4/2014,19:52:11,1990,1,ELEICOES 1990,AC,AC,7,36122,-1,ADAUTO NOGUEIRA PACIFICO,NULO,DEPUTADO ESTADUAL,-1,NULO,2,DEFERIDO,2,SUPLENTE,36,PRN,PARTIDO DA RECONSTRUCAO NACIONAL,-1,NULO,PTB / PDC / PL / PFL / PTR / PRN,264,2,MASCULINO,2,ELEICOES ORDINARIAS,ESTADUAIS,-1,-1,-1,NULO,-1,NULO,-1,NULO,-1,-1
24/4/2014,19:52:11,1990,1,ELEICOES 1990,AC,AC,7,36123,-1,JOSE SEVERIANO DE FREITAS,NULO,DEPUTADO ESTADUAL,-1,NULO,2,DEFERIDO,2,SUPLENTE,36,PRN,PARTIDO DA RECONSTRUCAO NACIONAL,-1,NULO,PTB / PDC / PL / PFL / PTR / PRN,360,2,MASCULINO,2,ELEICOES ORDINARIAS,ESTADUAIS,-1,-1,-1,NULO,-1,NULO,-1,NULO,-1,-1
24/4/2014,19:52:11,1990,1,ELEICOES 1990,AC,AC,7,36124,-1,JOSE RUFINO DE LIMA ARAUJO,NULO,DEPUTADO ESTADUAL,-1,NULO,2,DEFERIDO,2,SUPLENTE,36,PRN,PARTIDO DA RECONSTRUCAO NACIONAL,-1,NULO,PTB / PDC / PL / PFL / PTR / PRN,189,2,MASCULINO,2,ELEICOES ORDINARIAS,ESTADUAIS,-1,-1,-1,NULO,-1,NULO,-1,NULO,-1,-1
24/4/2014,19:52:11,1990,1,ELEICOES 1990,AC,AC,7,36125,-1,PEDRO CASTILHO,NULO,DEPUTADO ESTADUAL,-1,NULO,2,DEFERIDO,2,SUPLENTE,36,PRN,PARTIDO DA RECONSTRUCAO NACIONAL,-1,NULO,PTB / PDC / PL / PFL / PTR / PRN,130,2,MASCULINO,2,ELEICOES ORDINARIAS,ESTADUAIS,-1,-1,-1,NULO,-1,NULO,-1,NULO,-1,-1
24/4/2014,19:52:11,1990,1,ELEICOES 1990,AC,AC,7,36126,-1,ADAUTO BIRABA TEIXEIRA DE PAIVA,NULO,DEPUTADO ESTADUAL,-1,NULO,2,DEFERIDO,2,SUPLENTE,36,PRN,PARTIDO DA RECONSTRUCAO NACIONAL,-1,NULO,PTB / PDC / PL / PFL / PTR / PRN,220,2,MASCULINO,2,ELEICOES ORDINARIAS,ESTADUAIS,-1,-1,-1,NULO,-1,NULO,-1,NULO,-1,-1
24/4/2014,19:52:11,1990,1,ELEICOES 1990,AC,AC,7,36184,-1,ANTONIO JOSE VASQUEZ DE LIRA,NULO,DEPUTADO ESTADUAL,-1,NULO,2,DEFERIDO,2,SUPLENTE,36,PRN,PARTIDO DA RECONSTRUCAO NACIONAL,-1,NULO,PTB / PDC / PL / PFL / PTR / PRN,79,2,MASCULINO,2,ELEICOES ORDINARIAS,ESTADUAIS,-1,-1,-1,NULO,-1,NULO,-1,NULO,-1,-1
24/4/2014,19:52:11,1990,1,ELEICOES 1990,AC,AC,7,45110,-1,DECIO FURTADO DE SOUZA,NULO,DEPUTADO ESTADUAL,-1,NULO,2,DEFERIDO,4,NAO ELEITO,45,PSDB,PARTIDO DA SOCIAL DEMOCRACIA BRASILEIRA,-1,NULO,PSDB,141,2,MASCULINO,2,ELEICOES ORDINARIAS,ESTADUAIS,-1,-1,-1,NULO,-1,NULO,-1,NULO,-1,-1
24/4/2014,19:52:11,1990,1,ELEICOES 1990,AC,AC,7,45111,-1,MARIO CORREIA DE SENA,NULO,DEPUTADO ESTADUAL,-1,NULO,2,DEFERIDO,4,NAO ELEITO,45,PSDB,PARTIDO DA SOCIAL DEMOCRACIA BRASILEIRA,-1,NULO,PSDB,81,2,MASCULINO,2,ELEICOES ORDINARIAS,ESTADUAIS,-1,-1,-1,NULO,-1,NULO,-1,NULO,-1,-1
24/4/2014,19:52:11,1990,1,ELEICOES 1990,AC,AC,7,45112,-1,ALBECY CANDIDO PASSOS,NULO,DEPUTADO ESTADUAL,-1,NULO,2,DEFERIDO,4,NAO ELEITO,45,PSDB,PARTIDO DA SOCIAL DEMOCRACIA BRASILEIRA,-1,NULO,PSDB,92,2,MASCULINO,2,ELEICOES ORDINARIAS,ESTADUAIS,-1,-1,-1,NULO,-1,NULO,-1,NULO,-1,-1
24/4/2014,19:52:11,1990,1,ELEICOES 1990,AC,AC,7,45115,-1,JOSE CELSO RODRIGUES,NULO,DEPUTADO ESTADUAL,-1,NULO,2,DEFERIDO,4,NAO ELEITO,45,PSDB,PARTIDO DA SOCIAL DEMOCRACIA BRASILEIRA,-1,NULO,PSDB,189,2,MASCULINO,2,ELEICOES ORDINARIAS,ESTADUAIS,-1,-1,-1,NULO,-1,NULO,-1,NULO,-1,-1
24/4/2014,19:52:11,1990,1,ELEICOES 1990,AC,AC,7,45132,-1,JORGE HENRIQUE MELO MULATO,NULO,DEPUTADO ESTADUAL,-1,NULO,2,DEFERIDO,4,NAO ELEITO,45,PSDB,PARTIDO DA SOCIAL DEMOCRACIA BRASILEIRA,-1,NULO,PSDB,79,2,MASCULINO,2,ELEICOES ORDINARIAS,ESTADUAIS,-1,-1,-1,NULO,-1,NULO,-1,NULO,-1,-1
24/4/2014,19:52:11,1990,1,ELEICOES 1990,AC,AC,7,45133,-1,VICENTE JOSE DA ROCHA NERY,NULO,DEPUTADO ESTADUAL,-1,NULO,2,DEFERIDO,4,NAO ELEITO,45,PSDB,PARTIDO DA SOCIAL DEMOCRACIA BRASILEIRA,-1,NULO,PSDB,154,2,MASCULINO,2,ELEICOES ORDINARIAS,ESTADUAIS,-1,-1,-1,NULO,-1,NULO,-1,NULO,-1,-1
24/4/2014,19:52:11,1990,1,ELEICOES 1990,AC,AC,7,45145,-1,JOSIAS NICACIO RODRIGUES,NULO,DEPUTADO ESTADUAL,-1,NULO,2,DEFERIDO,4,NAO ELEITO,45,PSDB,PARTIDO DA SOCIAL DEMOCRACIA BRASILEIRA,-1,NULO,PSDB,17,2,MASCULINO,2,ELEICOES ORDINARIAS,ESTADUAIS,-1,-1,-1,NULO,-1,NULO,-1,NULO,-1,-1
24/4/2014,19:52:11,1990,1,ELEICOES 1990,AC,AC,7,45155,-1,AROLDO MONTEIRO RODRIGUES,NULO,DEPUTADO ESTADUAL,-1,NULO,2,DEFERIDO,4,NAO ELEITO,45,PSDB,PARTIDO DA SOCIAL DEMOCRACIA BRASILEIRA,-1,NULO,PSDB,70,2,MASCULINO,2,ELEICOES ORDINARIAS,ESTADUAIS,-1,-1,-1,NULO,-1,NULO,-1,NULO,-1,-1
24/4/2014,19:52:11,1990,1,ELEICOES 1990,AC,AC,7,45180,-1,FRANCISCO MARQUES DE ARAUJO,NULO,DEPUTADO ESTADUAL,-1,NULO,2,DEFERIDO,4,NAO ELEITO,45,PSDB,PARTIDO DA SOCIAL DEMOCRACIA BRASILEIRA,-1,NULO,PSDB,96,2,MASCULINO,2,ELEICOES ORDINARIAS,ESTADUAIS,-1,-1,-1,NULO,-1,NULO,-1,NULO,-1,-1
24/4/2014,19:52:11,1990,1,ELEICOES 1990,AC,AC,7,45199,-1,ALBERTO FURTADO DE OLIVEIRA,NULO,DEPUTADO ESTADUAL,-1,NULO,2,DEFERIDO,4,NAO ELEITO,45,PSDB,PARTIDO DA SOCIAL DEMOCRACIA BRASILEIRA,-1,NULO,PSDB,112,2,MASCULINO,2,ELEICOES ORDINARIAS,ESTADUAIS,-1,-1,-1,NULO,-1,NULO,-1,NULO,-1,-1
24/4/2014,19:52:11,1990,1,ELEICOES 1990,AC,AC,7,45200,-1,MANOEL CALIXTO DA ROCHA,NULO,DEPUTADO ESTADUAL,-1,NULO,2,DEFERIDO,4,NAO ELEITO,45,PSDB,PARTIDO DA SOCIAL DEMOCRACIA BRASILEIRA,-1,NULO,PSDB,545,2,MASCULINO,2,ELEICOES ORDINARIAS,ESTADUAIS,-1,-1,-1,NULO,-1,NULO,-1,NULO,-1,-1
24/4/2014,19:52:11,1990,1,ELEICOES 1990,AC,AC,7,45211,-1,FRANCISCO DAS CHAGAS DO REGO CAMPOS,NULO,DEPUTADO ESTADUAL,-1,NULO,2,DEFERIDO,4,NAO ELEITO,45,PSDB,PARTIDO DA SOCIAL DEMOCRACIA BRASILEIRA,-1,NULO,PSDB,39,2,MASCULINO,2,ELEICOES ORDINARIAS,ESTADUAIS,-1,-1,-1,NULO,-1,NULO,-1,NULO,-1,-1
24/4/2014,19:52:11,1990,1,ELEICOES 1990,AC,AC,7,45220,-1,SERGIO AUGUSTO GUARDINI,NULO,DEPUTADO ESTADUAL,-1,NULO,2,DEFERIDO,4,NAO ELEITO,45,PSDB,PARTIDO DA SOCIAL DEMOCRACIA BRASILEIRA,-1,NULO,PSDB,34,2,MASCULINO,2,ELEICOES ORDINARIAS,ESTADUAIS,-1,-1,-1,NULO,-1,NULO,-1,NULO,-1,-1
24/4/2014,19:52:11,1990,1,ELEICOES 1990,AC,AC,7,45222,-1,CARLOS AUGUSTO TABOSA DA SILVA,NULO,DEPUTADO ESTADUAL,-1,NULO,2,DEFERIDO,4,NAO ELEITO,45,PSDB,PARTIDO DA SOCIAL DEMOCRACIA BRASILEIRA,-1,NULO,PSDB,268,2,MASCULINO,2,ELEICOES ORDINARIAS,ESTADUAIS,-1,-1,-1,NULO,-1,NULO,-1,NULO,-1,-1
24/4/2014,19:52:11,1990,1,ELEICOES 1990,AC,AC,7,45233,-1,ALEXANDRE FONSECA DAS CHAGAS,NULO,DEPUTADO ESTADUAL,-1,NULO,2,DEFERIDO,4,NAO ELEITO,45,PSDB,PARTIDO DA SOCIAL DEMOCRACIA BRASILEIRA,-1,NULO,PSDB,51,2,MASCULINO,2,ELEICOES ORDINARIAS,ESTADUAIS,-1,-1,-1,NULO,-1,NULO,-1,NULO,-1,-1
24/4/2014,19:52:11,1990,1,ELEICOES 1990,AC,AC,7,45270,-1,MARINO DE OLIVEIRA SOBRINHO,NULO,DEPUTADO ESTADUAL,-1,NULO,2,DEFERIDO,4,NAO ELEITO,45,PSDB,PARTIDO DA SOCIAL DEMOCRACIA BRASILEIRA,-1,NULO,PSDB,62,2,MASCULINO,2,ELEICOES ORDINARIAS,ESTADUAIS,-1,-1,-1,NULO,-1,NULO,-1,NULO,-1,-1
24/4/2014,19:52:11,1990,1,ELEICOES 1990,AC,AC,7,45280,-1,JOSE FRANCISCO DO NASCIMENTO FILHO,NULO,DEPUTADO ESTADUAL,-1,NULO,2,DEFERIDO,4,NAO ELEITO,45,PSDB,PARTIDO DA SOCIAL DEMOCRACIA BRASILEIRA,-1,NULO,PSDB,65,2,MASCULINO,2,ELEICOES ORDINARIAS,ESTADUAIS,-1,-1,-1,NULO,-1,NULO,-1,NULO,-1,-1
24/4/2014,19:52:11,1990,1,ELEICOES 1990,AC,AC,7,65199,-1,SONIA CHAVES DA CRUZ MENDES,NULO,DEPUTADO ESTADUAL,-1,NULO,2,DEFERIDO,2,SUPLENTE,65,PCdoB,PARTIDO COMUNISTA DO BRASIL,-1,FRENTE POPULAR DO ACRE,PDT/ PT/ PCB/ PCdoB,1,4,FEMININO,2,ELEICOES ORDINARIAS,ESTADUAIS,-1,-1,-1,NULO,-1,NULO,-1,NULO,-1,-1
24/4/2014,19:52:11,1990,1,ELEICOES 1990,AC,AC,7,65200,-1,SERGIO ROCHA TABOADO,NULO,DEPUTADO ESTADUAL,-1,NULO,2,DEFERIDO,1,ELEITO,65,PCdoB,PARTIDO COMUNISTA DO BRASIL,-1,FRENTE POPULAR DO ACRE,PDT/ PT/ PCB/ PCdoB,1674,2,MASCULINO,2,ELEICOES ORDINARIAS,ESTADUAIS,-1,-1,-1,NULO,-1,NULO,-1,NULO,-1,-1
24/4/2014,19:52:11,1990,1,ELEICOES 1990,AC,AC,7,65203,-1,VALDOMIRO ANDRADE DOS SANTOS,NULO,DEPUTADO ESTADUAL,-1,NULO,2,DEFERIDO,2,SUPLENTE,65,PCdoB,PARTIDO COMUNISTA DO BRASIL,-1,FRENTE POPULAR DO ACRE,PDT/ PT/ PCB/ PCdoB,1,2,MASCULINO,2,ELEICOES ORDINARIAS,ESTADUAIS,-1,-1,-1,NULO,-1,NULO,-1,NULO,-1,-1
24/4/2014,19:52:11,1990,1,ELEICOES 1990,AC,AC,7,65205,-1,MARIA DO PERPETUO S. C. DE SOUZQA,NULO,DEPUTADO ESTADUAL,-1,NULO,2,DEFERIDO,2,SUPLENTE,65,PCdoB,PARTIDO COMUNISTA DO BRASIL,-1,FRENTE POPULAR DO ACRE,PDT/ PT/ PCB/ PCdoB,3,4,FEMININO,2,ELEICOES ORDINARIAS,ESTADUAIS,-1,-1,-1,NULO,-1,NULO,-1,NULO,-1,-1
