DT_GERACAO,HH_GERACAO,ANO_ELEICAO,NR_TURNO,DS_ELEICAO,SG_UF,SG_UE,CD_CARGO,NR_CANDIDATO,SQ_CANDIDATO,NM_CANDIDATO,NM_URNA_CANDIDATO,DS_CARGO,CD_SIT_CAND_SUPERIOR,DS_SIT_CAND_SUPERIOR,CD_SIT_CANDIDATO,DS_SIT_CANDIDATO,CD_SIT_CAND_TOT,DS_SIT_CAND_TOT,NR_PARTIDO,SG_PARTIDO,NM_PARTIDO,SQ_LEGENDA,NM_COLIGACAO,DS_COMPOSICAO_COLIGACAO,QT_VOTOS_NOMINAIS,CD_GENERO,DS_GENERO,CD_TIPO_ELEICAO,NM_TIPO_ELEICAO,TP_ABRANGENCIA,CD_MUNICIPIO,NM_MUNICIPIO,NR_ZONA,NR_IDADE_DATA_POSSE,DT_NASCIMENTO,NR_TITULO_ELEITORAL_CANDIDATO,NM_SOCIAL_CANDIDATO,CD_DETALHE_SITUACAO_CAND,DS_DETALHE_SITUACAO_CAND,CD_CBO,CD_MUN_IBGE
3/6/2013,19:06:38,1986,1,ELEICOES 1986,PI,PI,3,13,-1,JOSE NAZARENO CARDEAL FONTELES,NULO,GOVERNADOR,-1,NULO,2,DEFERIDO,4,NAO ELEITO,13,PT,PARTIDO DOS TRABALHADORES,-1,NULO,PT,22791,2,MASCULINO,2,ELEICOES ORDINARIAS,ESTADUAIS,-1,NULO,-1,-1,NULO,-1,NULO,-1,NULO,-1,-1
3/6/2013,19:06:38,1986,1,ELEICOES 1986,PI,PI,3,15,-1,ALBERTO TAVARES SILVA,NULO,GOVERNADOR,-1,NULO,2,DEFERIDO,1,ELEITO,15,PMDB,PARTIDO DO MOVIMENTO DEMOCRATICO BRASILEIRO,-1,OPOSICOES COLIGADAS,PMDB / PDS / PCB / PCdoB,440218,2,MASCULINO,2,ELEICOES ORDINARIAS,ESTADUAIS,-1,NULO,-1,-1,NULO,-1,NULO,-1,NULO,-1,-1
3/6/2013,19:06:38,1986,1,ELEICOES 1986,PI,PI,3,25,-1,ANTONIO DE ALMENDRA FREITAS NETO,NULO,GOVERNADOR,-1,NULO,2,DEFERIDO,4,NAO ELEITO,25,PFL,PARTIDO DA FRENTE LIBERAL ,-1,COLIGACAO LIBERAL TRABALHISTA,PFL / PDT,425490,2,MASCULINO,2,ELEICOES ORDINARIAS,ESTADUAIS,-1,NULO,-1,-1,NULO,-1,NULO,-1,NULO,-1,-1
3/6/2013,19:06:38,1986,1,ELEICOES 1986,PI,PI,5,-1,-1,CIRO NOGUEIRA LIMA,NULO,SENADOR,-1,NULO,2,DEFERIDO,4,NAO ELEITO,25,PFL,PARTIDO DA FRENTE LIBERAL ,-1,COLIGACAO LIBERAL TRABALHISTA,PFL / PDT,393057,2,MASCULINO,2,ELEICOES ORDINARIAS,ESTADUAIS,-1,NULO,-1,-1,NULO,-1,NULO,-1,NULO,-1,-1
3/6/2013,19:06:38,1986,1,ELEICOES 1986,PI,PI,5,-1,-1,FRANCISCO DAS CHAGAS CALDAS RODRIGUES,NULO,SENADOR,-1,NULO,2,DEFERIDO,1,ELEITO,15,PMDB,PARTIDO DO MOVIMENTO DEMOCRATICO BRASILEIRO,-1,OPOSICOES COLIGADAS,PMDB / PDS / PCB / PCdoB,417330,2,MASCULINO,2,ELEICOES ORDINARIAS,ESTADUAIS,-1,NULO,-1,-1,NULO,-1,NULO,-1,NULO,-1,-1
3/6/2013,19:06:38,1986,1,ELEICOES 1986,PI,PI,5,-1,-1,HELVIDIO NUNES DE BARROS,NULO,SENADOR,-1,NULO,2,DEFERIDO,4,NAO ELEITO,11,PDS,PARTIDO DEMOCRATICO SOCIAL,-1,OPOSICOES COLIGADAS,PMDB / PDS / PCB / PCdoB,394629,2,MASCULINO,2,ELEICOES ORDINARIAS,ESTADUAIS,-1,NULO,-1,-1,NULO,-1,NULO,-1,NULO,-1,-1
3/6/2013,19:06:38,1986,1,ELEICOES 1986,PI,PI,5,-1,-1,HUGO NAPOLEAO DO REGO NETO,NULO,SENADOR,-1,NULO,2,DEFERIDO,1,ELEITO,25,PFL,PARTIDO DA FRENTE LIBERAL ,-1,COLIGACAO LIBERAL TRABALHISTA,PFL / PDT,430300,2,MASCULINO,2,ELEICOES ORDINARIAS,ESTADUAIS,-1,NULO,-1,-1,NULO,-1,NULO,-1,NULO,-1,-1
3/6/2013,19:06:38,1986,1,ELEICOES 1986,PI,PI,5,-1,-1,JOSUE LUSTOSA COSTA,NULO,SENADOR,-1,NULO,2,DEFERIDO,4,NAO ELEITO,13,PT,PARTIDO DOS TRABALHADORES,-1,NULO,PT,24813,2,MASCULINO,2,ELEICOES ORDINARIAS,ESTADUAIS,-1,NULO,-1,-1,NULO,-1,NULO,-1,NULO,-1,-1
3/6/2013,19:06:38,1986,1,ELEICOES 1986,PI,PI,5,-1,-1,MANOEL ANTONIO NUNES MEIRELES,NULO,SENADOR,-1,NULO,2,DEFERIDO,4,NAO ELEITO,13,PT,PARTIDO DOS TRABALHADORES,-1,NULO,PT,28021,2,MASCULINO,2,ELEICOES ORDINARIAS,ESTADUAIS,-1,NULO,-1,-1,NULO,-1,NULO,-1,NULO,-1,-1
3/6/2013,19:06:38,1986,1,ELEICOES 1986,PI,PI,6,-1,-1,ALMIR RIBEIRO DE MACEDO,NULO,DEPUTADO FEDERAL,-1,NULO,2,DEFERIDO,2,SUPLENTE,11,PDS,PARTIDO DEMOCRATICO SOCIAL,-1,OPOSICOES COLIGADAS,PMDB / PDS / PCB / PCdoB,169,2,MASCULINO,2,ELEICOES ORDINARIAS,ESTADUAIS,-1,NULO,-1,-1,NULO,-1,NULO,-1,NULO,-1,-1
3/6/2013,19:06:38,1986,1,ELEICOES 1986,PI,PI,6,-1,-1,ANTONIO BENTO DE SOUSA LOPES,NULO,DEPUTADO FEDERAL,-1,NULO,2,DEFERIDO,2,SUPLENTE,15,PMDB,PARTIDO DO MOVIMENTO DEMOCRATICO BRASILEIRO,-1,OPOSICOES COLIGADAS,PMDB / PDS / PCB / PCdoB,797,2,MASCULINO,2,ELEICOES ORDINARIAS,ESTADUAIS,-1,NULO,-1,-1,NULO,-1,NULO,-1,NULO,-1,-1
3/6/2013,19:06:38,1986,1,ELEICOES 1986,PI,PI,6,-1,-1,ANTONIO CARLOS DE ANDRADE,NULO,DEPUTADO FEDERAL,-1,NULO,2,DEFERIDO,4,NAO ELEITO,13,PT,PARTIDO DOS TRABALHADORES,-1,NULO,PT,357,2,MASCULINO,2,ELEICOES ORDINARIAS,ESTADUAIS,-1,NULO,-1,-1,NULO,-1,NULO,-1,NULO,-1,-1
3/6/2013,19:06:38,1986,1,ELEICOES 1986,PI,PI,6,-1,-1,ARLINE VIEIRA DE ARAUJO COSTA,NULO,DEPUTADO FEDERAL,-1,NULO,2,DEFERIDO,4,NAO ELEITO,12,PDT,PARTIDO DEMOCRATICO TRABALHISTA,-1,NULO,PDT,92,4,FEMININO,2,ELEICOES ORDINARIAS,ESTADUAIS,-1,NULO,-1,-1,NULO,-1,NULO,-1,NULO,-1,-1
3/6/2013,19:06:38,1986,1,ELEICOES 1986,PI,PI,6,-1,-1,ATILA FREITAS LIRA,NULO,DEPUTADO FEDERAL,-1,NULO,2,DEFERIDO,1,ELEITO,25,PFL,PARTIDO DA FRENTE LIBERAL ,-1,NULO,PFL,85186,2,MASCULINO,2,ELEICOES ORDINARIAS,ESTADUAIS,-1,NULO,-1,-1,NULO,-1,NULO,-1,NULO,-1,-1
3/6/2013,19:06:38,1986,1,ELEICOES 1986,PI,PI,6,-1,-1,BERNARDINO SOARES VIANA,NULO,DEPUTADO FEDERAL,-1,NULO,2,DEFERIDO,2,SUPLENTE,25,PFL,PARTIDO DA FRENTE LIBERAL ,-1,NULO,PFL,244,2,MASCULINO,2,ELEICOES ORDINARIAS,ESTADUAIS,-1,NULO,-1,-1,NULO,-1,NULO,-1,NULO,-1,-1
3/6/2013,19:06:38,1986,1,ELEICOES 1986,PI,PI,6,-1,-1,BERNARDO DA SILVA PINTO,NULO,DEPUTADO FEDERAL,-1,NULO,2,DEFERIDO,4,NAO ELEITO,12,PDT,PARTIDO DEMOCRATICO TRABALHISTA,-1,NULO,PDT,340,2,MASCULINO,2,ELEICOES ORDINARIAS,ESTADUAIS,-1,NULO,-1,-1,NULO,-1,NULO,-1,NULO,-1,-1
3/6/2013,19:06:38,1986,1,ELEICOES 1986,PI,PI,6,-1,-1,CARLOS AUGUSTO DE OLIVEIRA,NULO,DEPUTADO FEDERAL,-1,NULO,2,DEFERIDO,2,SUPLENTE,15,PMDB,PARTIDO DO MOVIMENTO DEMOCRATICO BRASILEIRO,-1,OPOSICOES COLIGADAS,PMDB / PDS / PCB / PCdoB,7617,2,MASCULINO,2,ELEICOES ORDINARIAS,ESTADUAIS,-1,NULO,-1,-1,NULO,-1,NULO,-1,NULO,-1,-1
3/6/2013,19:06:38,1986,1,ELEICOES 1986,PI,PI,6,-1,-1,CELSO BARROS COELHO,NULO,DEPUTADO FEDERAL,-1,NULO,2,DEFERIDO,2,SUPLENTE,25,PFL,PARTIDO DA FRENTE LIBERAL ,-1,NULO,PFL,17073,2,MASCULINO,2,ELEICOES ORDINARIAS,ESTADUAIS,-1,NULO,-1,-1,NULO,-1,NULO,-1,NULO,-1,-1
3/6/2013,19:06:38,1986,1,ELEICOES 1986,PI,PI,6,-1,-1,CLIDENOR DE FREITAS SANTOS,NULO,DEPUTADO FEDERAL,-1,NULO,2,DEFERIDO,4,NAO ELEITO,12,PDT,PARTIDO DEMOCRATICO TRABALHISTA,-1,NULO,PDT,3826,2,MASCULINO,2,ELEICOES ORDINARIAS,ESTADUAIS,-1,NULO,-1,-1,NULO,-1,NULO,-1,NULO,-1,-1
3/6/2013,19:06:38,1986,1,ELEICOES 1986,PI,PI,6,-1,-1,DIONISIO RUBEN DE MACEDO,NULO,DEPUTADO FEDERAL,-1,NULO,2,DEFERIDO,2,SUPLENTE,15,PMDB,PARTIDO DO MOVIMENTO DEMOCRATICO BRASILEIRO,-1,OPOSICOES COLIGADAS,PMDB / PDS / PCB / PCdoB,64,2,MASCULINO,2,ELEICOES ORDINARIAS,ESTADUAIS,-1,NULO,-1,-1,NULO,-1,NULO,-1,NULO,-1,-1
3/6/2013,19:06:38,1986,1,ELEICOES 1986,PI,PI,6,-1,-1,ELIAS XIMENES DO PRADO,NULO,DEPUTADO FEDERAL,-1,NULO,2,DEFERIDO,4,NAO ELEITO,12,PDT,PARTIDO DEMOCRATICO TRABALHISTA,-1,NULO,PDT,3146,2,MASCULINO,2,ELEICOES ORDINARIAS,ESTADUAIS,-1,NULO,-1,-1,NULO,-1,NULO,-1,NULO,-1,-1
3/6/2013,19:06:38,1986,1,ELEICOES 1986,PI,PI,6,-1,-1,EURIPEDES DE AGUIAR,NULO,DEPUTADO FEDERAL,-1,NULO,2,DEFERIDO,2,SUPLENTE,11,PDS,PARTIDO DEMOCRATICO SOCIAL,-1,OPOSICOES COLIGADAS,PMDB / PDS / PCB / PCdoB,990,2,MASCULINO,2,ELEICOES ORDINARIAS,ESTADUAIS,-1,NULO,-1,-1,NULO,-1,NULO,-1,NULO,-1,-1
3/6/2013,19:06:38,1986,1,ELEICOES 1986,PI,PI,6,-1,-1,EVANDRO SETUBAL DA CUNHA E SILVA,NULO,DEPUTADO FEDERAL,-1,NULO,2,DEFERIDO,4,NAO ELEITO,12,PDT,PARTIDO DEMOCRATICO TRABALHISTA,-1,NULO,PDT,316,2,MASCULINO,2,ELEICOES ORDINARIAS,ESTADUAIS,-1,NULO,-1,-1,NULO,-1,NULO,-1,NULO,-1,-1
3/6/2013,19:06:38,1986,1,ELEICOES 1986,PI,PI,6,-1,-1,FELIPE MENDES DE OLIVEIRA,NULO,DEPUTADO FEDERAL,-1,NULO,2,DEFERIDO,1,ELEITO,11,PDS,PARTIDO DEMOCRATICO SOCIAL,-1,OPOSICOES COLIGADAS,PMDB / PDS / PCB / PCdoB,19766,2,MASCULINO,2,ELEICOES ORDINARIAS,ESTADUAIS,-1,NULO,-1,-1,NULO,-1,NULO,-1,NULO,-1,-1
3/6/2013,19:06:38,1986,1,ELEICOES 1986,PI,PI,6,-1,-1,FRANCISCO DAS CHAGAS BEZERRA,NULO,DEPUTADO FEDERAL,-1,NULO,2,DEFERIDO,4,NAO ELEITO,12,PDT,PARTIDO DEMOCRATICO TRABALHISTA,-1,NULO,PDT,18,2,MASCULINO,2,ELEICOES ORDINARIAS,ESTADUAIS,-1,NULO,-1,-1,NULO,-1,NULO,-1,NULO,-1,-1
3/6/2013,19:06:38,1986,1,ELEICOES 1986,PI,PI,6,-1,-1,FRANCISCO DAS CHAGAS RIBEIRO MAGALHAES,NULO,DEPUTADO FEDERAL,-1,NULO,2,DEFERIDO,2,SUPLENTE,15,PMDB,PARTIDO DO MOVIMENTO DEMOCRATICO BRASILEIRO,-1,OPOSICOES COLIGADAS,PMDB / PDS / PCB / PCdoB,177,2,MASCULINO,2,ELEICOES ORDINARIAS,ESTADUAIS,-1,NULO,-1,-1,NULO,-1,NULO,-1,NULO,-1,-1
3/6/2013,19:06:38,1986,1,ELEICOES 1986,PI,PI,6,-1,-1,FRANCISCO DE ASSIS MORAES SOUZA,NULO,DEPUTADO FEDERAL,-1,NULO,2,DEFERIDO,2,SUPLENTE,11,PDS,PARTIDO DEMOCRATICO SOCIAL,-1,OPOSICOES COLIGADAS,PMDB / PDS / PCB / PCdoB,17643,2,MASCULINO,2,ELEICOES ORDINARIAS,ESTADUAIS,-1,NULO,-1,-1,NULO,-1,NULO,-1,NULO,-1,-1
3/6/2013,19:06:38,1986,1,ELEICOES 1986,PI,PI,6,-1,-1,GERIMAR DE BRITO VIEIRA,NULO,DEPUTADO FEDERAL,-1,NULO,2,DEFERIDO,4,NAO ELEITO,12,PDT,PARTIDO DEMOCRATICO TRABALHISTA,-1,NULO,PDT,76,2,MASCULINO,2,ELEICOES ORDINARIAS,ESTADUAIS,-1,NULO,-1,-1,NULO,-1,NULO,-1,NULO,-1,-1
3/6/2013,19:06:38,1986,1,ELEICOES 1986,PI,PI,6,-1,-1,HELBERT MACIEL,NULO,DEPUTADO FEDERAL,-1,NULO,2,DEFERIDO,2,SUPLENTE,24,PCdoB,PARTIDO COMUNISTA DO BRASIL,-1,OPOSICOES COLIGADAS,PMDB / PDS / PCB / PCdoB,138,2,MASCULINO,2,ELEICOES ORDINARIAS,ESTADUAIS,-1,NULO,-1,-1,NULO,-1,NULO,-1,NULO,-1,-1
3/6/2013,19:06:38,1986,1,ELEICOES 1986,PI,PI,6,-1,-1,HELIO DE CARVALHO MATOS,NULO,DEPUTADO FEDERAL,-1,NULO,2,DEFERIDO,2,SUPLENTE,25,PFL,PARTIDO DA FRENTE LIBERAL ,-1,NULO,PFL,20694,2,MASCULINO,2,ELEICOES ORDINARIAS,ESTADUAIS,-1,NULO,-1,-1,NULO,-1,NULO,-1,NULO,-1,-1
3/6/2013,19:06:38,1986,1,ELEICOES 1986,PI,PI,6,-1,-1,HERACLITO DE SOUSA FORTES,NULO,DEPUTADO FEDERAL,-1,NULO,2,DEFERIDO,1,ELEITO,15,PMDB,PARTIDO DO MOVIMENTO DEMOCRATICO BRASILEIRO,-1,OPOSICOES COLIGADAS,PMDB / PDS / PCB / PCdoB,91730,2,MASCULINO,2,ELEICOES ORDINARIAS,ESTADUAIS,-1,NULO,-1,-1,NULO,-1,NULO,-1,NULO,-1,-1
3/6/2013,19:06:38,1986,1,ELEICOES 1986,PI,PI,6,-1,-1,HERALDO SANTOS LEAL,NULO,DEPUTADO FEDERAL,-1,NULO,2,DEFERIDO,4,NAO ELEITO,13,PT,PARTIDO DOS TRABALHADORES,-1,NULO,PT,1326,2,MASCULINO,2,ELEICOES ORDINARIAS,ESTADUAIS,-1,NULO,-1,-1,NULO,-1,NULO,-1,NULO,-1,-1
3/6/2013,19:06:38,1986,1,ELEICOES 1986,PI,PI,6,-1,-1,HUGO TORRES COELHO,NULO,DEPUTADO FEDERAL,-1,NULO,2,DEFERIDO,2,SUPLENTE,25,PFL,PARTIDO DA FRENTE LIBERAL ,-1,NULO,PFL,1659,2,MASCULINO,2,ELEICOES ORDINARIAS,ESTADUAIS,-1,NULO,-1,-1,NULO,-1,NULO,-1,NULO,-1,-1
3/6/2013,19:06:38,1986,1,ELEICOES 1986,PI,PI,6,-1,-1,ITAJAI FERREIRA CAVALCANTE,NULO,DEPUTADO FEDERAL,-1,NULO,2,DEFERIDO,2,SUPLENTE,24,PCdoB,PARTIDO COMUNISTA DO BRASIL,-1,OPOSICOES COLIGADAS,PMDB / PDS / PCB / PCdoB,32,2,MASCULINO,2,ELEICOES ORDINARIAS,ESTADUAIS,-1,NULO,-1,-1,NULO,-1,NULO,-1,NULO,-1,-1
3/6/2013,19:06:38,1986,1,ELEICOES 1986,PI,PI,6,-1,-1,IVALDO CARNEIRO FONTENELE,NULO,DEPUTADO FEDERAL,-1,NULO,2,DEFERIDO,2,SUPLENTE,15,PMDB,PARTIDO DO MOVIMENTO DEMOCRATICO BRASILEIRO,-1,OPOSICOES COLIGADAS,PMDB / PDS / PCB / PCdoB,2010,2,MASCULINO,2,ELEICOES ORDINARIAS,ESTADUAIS,-1,NULO,-1,-1,NULO,-1,NULO,-1,NULO,-1,-1
3/6/2013,19:06:38,1986,1,ELEICOES 1986,PI,PI,6,-1,-1,JESUALDO CAVALCANTE BARROS,NULO,DEPUTADO FEDERAL,-1,NULO,2,DEFERIDO,1,ELEITO,25,PFL,PARTIDO DA FRENTE LIBERAL ,-1,NULO,PFL,39208,2,MASCULINO,2,ELEICOES ORDINARIAS,ESTADUAIS,-1,NULO,-1,-1,NULO,-1,NULO,-1,NULO,-1,-1
3/6/2013,19:06:38,1986,1,ELEICOES 1986,PI,PI,6,-1,-1,JESUS ELIAS TAJRA,NULO,DEPUTADO FEDERAL,-1,NULO,2,DEFERIDO,1,ELEITO,25,PFL,PARTIDO DA FRENTE LIBERAL ,-1,NULO,PFL,41358,2,MASCULINO,2,ELEICOES ORDINARIAS,ESTADUAIS,-1,NULO,-1,-1,NULO,-1,NULO,-1,NULO,-1,-1
3/6/2013,19:06:38,1986,1,ELEICOES 1986,PI,PI,6,-1,-1,JOAO ERNESTO ARARIPE,NULO,DEPUTADO FEDERAL,-1,NULO,2,DEFERIDO,4,NAO ELEITO,13,PT,PARTIDO DOS TRABALHADORES,-1,NULO,PT,625,2,MASCULINO,2,ELEICOES ORDINARIAS,ESTADUAIS,-1,NULO,-1,-1,NULO,-1,NULO,-1,NULO,-1,-1
3/6/2013,19:06:38,1986,1,ELEICOES 1986,PI,PI,6,-1,-1,JONATHAS DE BARROS NUNES,NULO,DEPUTADO FEDERAL,-1,NULO,2,DEFERIDO,2,SUPLENTE,25,PFL,PARTIDO DA FRENTE LIBERAL ,-1,NULO,PFL,25058,2,MASCULINO,2,ELEICOES ORDINARIAS,ESTADUAIS,-1,NULO,-1,-1,NULO,-1,NULO,-1,NULO,-1,-1
3/6/2013,19:06:38,1986,1,ELEICOES 1986,PI,PI,6,-1,-1,JOSE ALEXIS BEZERRA LEITE,NULO,DEPUTADO FEDERAL,-1,NULO,2,DEFERIDO,4,NAO ELEITO,12,PDT,PARTIDO DEMOCRATICO TRABALHISTA,-1,NULO,PDT,79,2,MASCULINO,2,ELEICOES ORDINARIAS,ESTADUAIS,-1,NULO,-1,-1,NULO,-1,NULO,-1,NULO,-1,-1
3/6/2013,19:06:38,1986,1,ELEICOES 1986,PI,PI,6,-1,-1,JOSE DA COSTA RABELO,NULO,DEPUTADO FEDERAL,-1,NULO,2,DEFERIDO,2,SUPLENTE,15,PMDB,PARTIDO DO MOVIMENTO DEMOCRATICO BRASILEIRO,-1,OPOSICOES COLIGADAS,PMDB / PDS / PCB / PCdoB,167,2,MASCULINO,2,ELEICOES ORDINARIAS,ESTADUAIS,-1,NULO,-1,-1,NULO,-1,NULO,-1,NULO,-1,-1
3/6/2013,19:06:38,1986,1,ELEICOES 1986,PI,PI,6,-1,-1,JOSE FRANCISCO PAES LANDIN,NULO,DEPUTADO FEDERAL,-1,NULO,2,DEFERIDO,1,ELEITO,25,PFL,PARTIDO DA FRENTE LIBERAL ,-1,NULO,PFL,36589,2,MASCULINO,2,ELEICOES ORDINARIAS,ESTADUAIS,-1,NULO,-1,-1,NULO,-1,NULO,-1,NULO,-1,-1
3/6/2013,19:06:38,1986,1,ELEICOES 1986,PI,PI,6,-1,-1,JOSE LUIZ DE OLIVEIRA,NULO,DEPUTADO FEDERAL,-1,NULO,2,DEFERIDO,2,SUPLENTE,11,PDS,PARTIDO DEMOCRATICO SOCIAL,-1,OPOSICOES COLIGADAS,PMDB / PDS / PCB / PCdoB,96,2,MASCULINO,2,ELEICOES ORDINARIAS,ESTADUAIS,-1,NULO,-1,-1,NULO,-1,NULO,-1,NULO,-1,-1
3/6/2013,19:06:38,1986,1,ELEICOES 1986,PI,PI,6,-1,-1,JOSE LUIZ MARTINS MAIA,NULO,DEPUTADO FEDERAL,-1,NULO,2,DEFERIDO,1,ELEITO,11,PDS,PARTIDO DEMOCRATICO SOCIAL,-1,OPOSICOES COLIGADAS,PMDB / PDS / PCB / PCdoB,52180,2,MASCULINO,2,ELEICOES ORDINARIAS,ESTADUAIS,-1,NULO,-1,-1,NULO,-1,NULO,-1,NULO,-1,-1
3/6/2013,19:06:38,1986,1,ELEICOES 1986,PI,PI,6,-1,-1,JOSE NOGUEIRA TAPETY JUNIOR,NULO,DEPUTADO FEDERAL,-1,NULO,2,DEFERIDO,2,SUPLENTE,25,PFL,PARTIDO DA FRENTE LIBERAL ,-1,NULO,PFL,26451,2,MASCULINO,2,ELEICOES ORDINARIAS,ESTADUAIS,-1,NULO,-1,-1,NULO,-1,NULO,-1,NULO,-1,-1
3/6/2013,19:06:38,1986,1,ELEICOES 1986,PI,PI,6,-1,-1,JOSE RIBAMAR BARROS,NULO,DEPUTADO FEDERAL,-1,NULO,2,DEFERIDO,2,SUPLENTE,11,PDS,PARTIDO DEMOCRATICO SOCIAL,-1,OPOSICOES COLIGADAS,PMDB / PDS / PCB / PCdoB,4412,2,MASCULINO,2,ELEICOES ORDINARIAS,ESTADUAIS,-1,NULO,-1,-1,NULO,-1,NULO,-1,NULO,-1,-1
3/6/2013,19:06:38,1986,1,ELEICOES 1986,PI,PI,6,-1,-1,JOSELINDA GONCALVES MACHADO,NULO,DEPUTADO FEDERAL,-1,NULO,2,DEFERIDO,2,SUPLENTE,24,PCdoB,PARTIDO COMUNISTA DO BRASIL,-1,OPOSICOES COLIGADAS,PMDB / PDS / PCB / PCdoB,10,4,FEMININO,2,ELEICOES ORDINARIAS,ESTADUAIS,-1,NULO,-1,-1,NULO,-1,NULO,-1,NULO,-1,-1
3/6/2013,19:06:38,1986,1,ELEICOES 1986,PI,PI,6,-1,-1,LOURIVAL CAROOSO OE OLIVEIRA,NULO,DEPUTADO FEDERAL,-1,NULO,2,DEFERIDO,2,SUPLENTE,24,PCdoB,PARTIDO COMUNISTA DO BRASIL,-1,OPOSICOES COLIGADAS,PMDB / PDS / PCB / PCdoB,70,2,MASCULINO,2,ELEICOES ORDINARIAS,ESTADUAIS,-1,NULO,-1,-1,NULO,-1,NULO,-1,NULO,-1,-1
3/6/2013,19:06:38,1986,1,ELEICOES 1986,PI,PI,6,-1,-1,LUDGERO RAULINO DA SILVA NETO,NULO,DEPUTADO FEDERAL,-1,NULO,2,DEFERIDO,2,SUPLENTE,11,PDS,PARTIDO DEMOCRATICO SOCIAL,-1,OPOSICOES COLIGADAS,PMDB / PDS / PCB / PCdoB,12959,2,MASCULINO,2,ELEICOES ORDINARIAS,ESTADUAIS,-1,NULO,-1,-1,NULO,-1,NULO,-1,NULO,-1,-1
3/6/2013,19:06:38,1986,1,ELEICOES 1986,PI,PI,6,-1,-1,LUIS AUGUSTO PASSOS PRADO,NULO,DEPUTADO FEDERAL,-1,NULO,2,DEFERIDO,4,NAO ELEITO,12,PDT,PARTIDO DEMOCRATICO TRABALHISTA,-1,NULO,PDT,154,2,MASCULINO,2,ELEICOES ORDINARIAS,ESTADUAIS,-1,NULO,-1,-1,NULO,-1,NULO,-1,NULO,-1,-1
3/6/2013,19:06:38,1986,1,ELEICOES 1986,PI,PI,6,-1,-1,LUIS JOSE RIBAMAR OSORIO LOPES,NULO,DEPUTADO FEDERAL,-1,NULO,2,DEFERIDO,4,NAO ELEITO,13,PT,PARTIDO DOS TRABALHADORES,-1,NULO,PT,1556,2,MASCULINO,2,ELEICOES ORDINARIAS,ESTADUAIS,-1,NULO,-1,-1,NULO,-1,NULO,-1,NULO,-1,-1
3/6/2013,19:06:38,1986,1,ELEICOES 1986,PI,PI,6,-1,-1,LUIZ CARLOS DE FREITAS LIMA,NULO,DEPUTADO FEDERAL,-1,NULO,2,DEFERIDO,2,SUPLENTE,15,PMDB,PARTIDO DO MOVIMENTO DEMOCRATICO BRASILEIRO,-1,OPOSICOES COLIGADAS,PMDB / PDS / PCB / PCdoB,348,2,MASCULINO,2,ELEICOES ORDINARIAS,ESTADUAIS,-1,NULO,-1,-1,NULO,-1,NULO,-1,NULO,-1,-1
3/6/2013,19:06:38,1986,1,ELEICOES 1986,PI,PI,6,-1,-1,LUJAN MARIA BACELAR DE MIRANDA,NULO,DEPUTADO FEDERAL,-1,NULO,2,DEFERIDO,4,NAO ELEITO,13,PT,PARTIDO DOS TRABALHADORES,-1,NULO,PT,995,2,MASCULINO,2,ELEICOES ORDINARIAS,ESTADUAIS,-1,NULO,-1,-1,NULO,-1,NULO,-1,NULO,-1,-1
3/6/2013,19:06:38,1986,1,ELEICOES 1986,PI,PI,6,-1,-1,MAGNO PIRES ALVES FILHO,NULO,DEPUTADO FEDERAL,-1,NULO,2,DEFERIDO,2,SUPLENTE,25,PFL,PARTIDO DA FRENTE LIBERAL ,-1,NULO,PFL,5655,2,MASCULINO,2,ELEICOES ORDINARIAS,ESTADUAIS,-1,NULO,-1,-1,NULO,-1,NULO,-1,NULO,-1,-1
3/6/2013,19:06:38,1986,1,ELEICOES 1986,PI,PI,6,-1,-1,MANOEL DOMINGOS NETO,NULO,DEPUTADO FEDERAL,-1,NULO,2,DEFERIDO,2,SUPLENTE,15,PMDB,PARTIDO DO MOVIMENTO DEMOCRATICO BRASILEIRO,-1,OPOSICOES COLIGADAS,PMDB / PDS / PCB / PCdoB,16706,2,MASCULINO,2,ELEICOES ORDINARIAS,ESTADUAIS,-1,NULO,-1,-1,NULO,-1,NULO,-1,NULO,-1,-1
3/6/2013,19:06:38,1986,1,ELEICOES 1986,PI,PI,6,-1,-1,MARIA DE LOURDES SOARES MELO,NULO,DEPUTADO FEDERAL,-1,NULO,2,DEFERIDO,4,NAO ELEITO,13,PT,PARTIDO DOS TRABALHADORES,-1,NULO,PT,155,4,FEMININO,2,ELEICOES ORDINARIAS,ESTADUAIS,-1,NULO,-1,-1,NULO,-1,NULO,-1,NULO,-1,-1
3/6/2013,19:06:38,1986,1,ELEICOES 1986,PI,PI,6,-1,-1,MUSSA DE JESUS DEMES,NULO,DEPUTADO FEDERAL,-1,NULO,2,DEFERIDO,1,ELEITO,25,PFL,PARTIDO DA FRENTE LIBERAL ,-1,NULO,PFL,55244,2,MASCULINO,2,ELEICOES ORDINARIAS,ESTADUAIS,-1,NULO,-1,-1,NULO,-1,NULO,-1,NULO,-1,-1
3/6/2013,19:06:38,1986,1,ELEICOES 1986,PI,PI,6,-1,-1,MYRIAM NOGUEIRA PORTELLA NUNES,NULO,DEPUTADO FEDERAL,-1,NULO,2,DEFERIDO,1,ELEITO,11,PDS,PARTIDO DEMOCRATICO SOCIAL,-1,OPOSICOES COLIGADAS,PMDB / PDS / PCB / PCdoB,27490,4,FEMININO,2,ELEICOES ORDINARIAS,ESTADUAIS,-1,NULO,-1,-1,NULO,-1,NULO,-1,NULO,-1,-1
3/6/2013,19:06:38,1986,1,ELEICOES 1986,PI,PI,6,-1,-1,OLAVO REBELO DE CARVALHO PIRES,NULO,DEPUTADO FEDERAL,-1,NULO,2,DEFERIDO,4,NAO ELEITO,13,PT,PARTIDO DOS TRABALHADORES,-1,NULO,PT,1907,2,MASCULINO,2,ELEICOES ORDINARIAS,ESTADUAIS,-1,NULO,-1,-1,NULO,-1,NULO,-1,NULO,-1,-1
3/6/2013,19:06:38,1986,1,ELEICOES 1986,PI,PI,6,-1,-1,OSANDY RIBEIRO TEIXEIRA,NULO,DEPUTADO FEDERAL,-1,NULO,2,DEFERIDO,2,SUPLENTE,15,PMDB,PARTIDO DO MOVIMENTO DEMOCRATICO BRASILEIRO,-1,OPOSICOES COLIGADAS,PMDB / PDS / PCB / PCdoB,1690,-1,NULO,2,ELEICOES ORDINARIAS,ESTADUAIS,-1,NULO,-1,-1,NULO,-1,NULO,-1,NULO,-1,-1
3/6/2013,19:06:38,1986,1,ELEICOES 1986,PI,PI,6,-1,-1,PAULO BARBOSA DOS SANTOS ROCHA,NULO,DEPUTADO FEDERAL,-1,NULO,2,DEFERIDO,2,SUPLENTE,15,PMDB,PARTIDO DO MOVIMENTO DEMOCRATICO BRASILEIRO,-1,OPOSICOES COLIGADAS,PMDB / PDS / PCB / PCdoB,10909,2,MASCULINO,2,ELEICOES ORDINARIAS,ESTADUAIS,-1,NULO,-1,-1,NULO,-1,NULO,-1,NULO,-1,-1
3/6/2013,19:06:38,1986,1,ELEICOES 1986,PI,PI,6,-1,-1,PAULO DE TARSO TAVARES SILVA,NULO,DEPUTADO FEDERAL,-1,NULO,2,DEFERIDO,1,ELEITO,15,PMDB,PARTIDO DO MOVIMENTO DEMOCRATICO BRASILEIRO,-1,OPOSICOES COLIGADAS,PMDB / PDS / PCB / PCdoB,60345,2,MASCULINO,2,ELEICOES ORDINARIAS,ESTADUAIS,-1,NULO,-1,-1,NULO,-1,NULO,-1,NULO,-1,-1
3/6/2013,19:06:38,1986,1,ELEICOES 1986,PI,PI,6,-1,-1,RAIMUNDO FERREIRA DE SOUSA,NULO,DEPUTADO FEDERAL,-1,NULO,2,DEFERIDO,4,NAO ELEITO,13,PT,PARTIDO DOS TRABALHADORES,-1,NULO,PT,600,2,MASCULINO,2,ELEICOES ORDINARIAS,ESTADUAIS,-1,NULO,-1,-1,NULO,-1,NULO,-1,NULO,-1,-1
3/6/2013,19:06:38,1986,1,ELEICOES 1986,PI,PI,6,-1,-1,REGINALDO SANTOS FURTADO,NULO,DEPUTADO FEDERAL,-1,NULO,2,DEFERIDO,2,SUPLENTE,15,PMDB,PARTIDO DO MOVIMENTO DEMOCRATICO BRASILEIRO,-1,OPOSICOES COLIGADAS,PMDB / PDS / PCB / PCdoB,1045,2,MASCULINO,2,ELEICOES ORDINARIAS,ESTADUAIS,-1,NULO,-1,-1,NULO,-1,NULO,-1,NULO,-1,-1
3/6/2013,19:06:38,1986,1,ELEICOES 1986,PI,PI,6,-1,-1,RENATO DINIZ MACHADO,NULO,DEPUTADO FEDERAL,-1,NULO,2,DEFERIDO,2,SUPLENTE,25,PFL,PARTIDO DA FRENTE LIBERAL ,-1,NULO,PFL,1703,2,MASCULINO,2,ELEICOES ORDINARIAS,ESTADUAIS,-1,NULO,-1,-1,NULO,-1,NULO,-1,NULO,-1,-1
3/6/2013,19:06:38,1986,1,ELEICOES 1986,PI,PI,6,-1,-1,RITA MARIA CAVALCANTI,NULO,DEPUTADO FEDERAL,-1,NULO,2,DEFERIDO,4,NAO ELEITO,13,PT,PARTIDO DOS TRABALHADORES,-1,NULO,PT,1246,4,FEMININO,2,ELEICOES ORDINARIAS,ESTADUAIS,-1,NULO,-1,-1,NULO,-1,NULO,-1,NULO,-1,-1
3/6/2013,19:06:38,1986,1,ELEICOES 1986,PI,PI,6,-1,-1,ROBERTO JOHN GONCALVES SILVA,NULO,DEPUTADO FEDERAL,-1,NULO,2,DEFERIDO,4,NAO ELEITO,13,PT,PARTIDO DOS TRABALHADORES,-1,NULO,PT,3078,2,MASCULINO,2,ELEICOES ORDINARIAS,ESTADUAIS,-1,NULO,-1,-1,NULO,-1,NULO,-1,NULO,-1,-1
3/6/2013,19:06:38,1986,1,ELEICOES 1986,PI,PI,6,-1,-1,TIAGO MENDES VIEIRA,NULO,DEPUTADO FEDERAL,-1,NULO,2,DEFERIDO,2,SUPLENTE,11,PDS,PARTIDO DEMOCRATICO SOCIAL,-1,OPOSICOES COLIGADAS,PMDB / PDS / PCB / PCdoB,912,2,MASCULINO,2,ELEICOES ORDINARIAS,ESTADUAIS,-1,NULO,-1,-1,NULO,-1,NULO,-1,NULO,-1,-1
3/6/2013,19:06:38,1986,1,ELEICOES 1986,PI,PI,7,-1,-1,ADALBERTO PEREIRA DE SOUSA,NULO,DEPUTADO ESTADUAL,-1,NULO,2,DEFERIDO,4,NAO ELEITO,13,PT,PARTIDO DOS TRABALHADORES,-1,NULO,PT,760,2,MASCULINO,2,ELEICOES ORDINARIAS,ESTADUAIS,-1,NULO,-1,-1,NULO,-1,NULO,-1,NULO,-1,-1
3/6/2013,19:06:38,1986,1,ELEICOES 1986,PI,PI,7,-1,-1,ADAO ALCINO REIS,NULO,DEPUTADO ESTADUAL,-1,NULO,2,DEFERIDO,2,SUPLENTE,23,PCB,PARTIDO COMUNISTA BRASILEIRO,-1,OPOSICOES COLIGADAS,PMDB / PDS / PCB / PCdoB,129,2,MASCULINO,2,ELEICOES ORDINARIAS,ESTADUAIS,-1,NULO,-1,-1,NULO,-1,NULO,-1,NULO,-1,-1
3/6/2013,19:06:38,1986,1,ELEICOES 1986,PI,PI,7,-1,-1,ADOLFO JUNIOR DE ALENCAR NUNES,NULO,DEPUTADO ESTADUAL,-1,NULO,2,DEFERIDO,1,ELEITO,11,PDS,PARTIDO DEMOCRATICO SOCIAL,-1,OPOSICOES COLIGADAS,PMDB / PDS / PCB / PCdoB,9620,2,MASCULINO,2,ELEICOES ORDINARIAS,ESTADUAIS,-1,NULO,-1,-1,NULO,-1,NULO,-1,NULO,-1,-1
3/6/2013,19:06:38,1986,1,ELEICOES 1986,PI,PI,7,-1,-1,AGUINALDO PORTELLA LEAL,NULO,DEPUTADO ESTADUAL,-1,NULO,2,DEFERIDO,2,SUPLENTE,11,PDS,PARTIDO DEMOCRATICO SOCIAL,-1,OPOSICOES COLIGADAS,PMDB / PDS / PCB / PCdoB,54,2,MASCULINO,2,ELEICOES ORDINARIAS,ESTADUAIS,-1,NULO,-1,-1,NULO,-1,NULO,-1,NULO,-1,-1
3/6/2013,19:06:38,1986,1,ELEICOES 1986,PI,PI,7,-1,-1,ALDEMAR PEREIRA DA SILVA,NULO,DEPUTADO ESTADUAL,-1,NULO,2,DEFERIDO,1,ELEITO,11,PDS,PARTIDO DEMOCRATICO SOCIAL,-1,OPOSICOES COLIGADAS,PMDB / PDS / PCB / PCdoB,12205,2,MASCULINO,2,ELEICOES ORDINARIAS,ESTADUAIS,-1,NULO,-1,-1,NULO,-1,NULO,-1,NULO,-1,-1
3/6/2013,19:06:38,1986,1,ELEICOES 1986,PI,PI,7,-1,-1,ALDO PEREIRA PAIXAO,NULO,DEPUTADO ESTADUAL,-1,NULO,2,DEFERIDO,2,SUPLENTE,15,PMDB,PARTIDO DO MOVIMENTO DEMOCRATICO BRASILEIRO,-1,OPOSICOES COLIGADAS,PMDB / PDS / PCB / PCdoB,5939,2,MASCULINO,2,ELEICOES ORDINARIAS,ESTADUAIS,-1,NULO,-1,-1,NULO,-1,NULO,-1,NULO,-1,-1
3/6/2013,19:06:38,1986,1,ELEICOES 1986,PI,PI,7,-1,-1,ALFREDO ALBERTO LEAL NUNES,NULO,DEPUTADO ESTADUAL,-1,NULO,2,DEFERIDO,2,SUPLENTE,25,PFL,PARTIDO DA FRENTE LIBERAL ,-1,NULO,PFL,5309,2,MASCULINO,2,ELEICOES ORDINARIAS,ESTADUAIS,-1,NULO,-1,-1,NULO,-1,NULO,-1,NULO,-1,-1
3/6/2013,19:06:38,1986,1,ELEICOES 1986,PI,PI,7,-1,-1,ALFREDO CADENA NETO,NULO,DEPUTADO ESTADUAL,-1,NULO,2,DEFERIDO,2,SUPLENTE,25,PFL,PARTIDO DA FRENTE LIBERAL ,-1,NULO,PFL,3547,2,MASCULINO,2,ELEICOES ORDINARIAS,ESTADUAIS,-1,NULO,-1,-1,NULO,-1,NULO,-1,NULO,-1,-1
3/6/2013,19:06:38,1986,1,ELEICOES 1986,PI,PI,7,-1,-1,ALMIR ALVES DA SILVA FILHO,NULO,DEPUTADO ESTADUAL,-1,NULO,2,DEFERIDO,4,NAO ELEITO,12,PDT,PARTIDO DEMOCRATICO TRABALHISTA,-1,NULO,PDT,503,2,MASCULINO,2,ELEICOES ORDINARIAS,ESTADUAIS,-1,NULO,-1,-1,NULO,-1,NULO,-1,NULO,-1,-1
3/6/2013,19:06:38,1986,1,ELEICOES 1986,PI,PI,7,-1,-1,ANTONIO CARLOS BELFORT DE CARVALHO,NULO,DEPUTADO ESTADUAL,-1,NULO,2,DEFERIDO,4,NAO ELEITO,12,PDT,PARTIDO DEMOCRATICO TRABALHISTA,-1,NULO,PDT,335,2,MASCULINO,2,ELEICOES ORDINARIAS,ESTADUAIS,-1,NULO,-1,-1,NULO,-1,NULO,-1,NULO,-1,-1
3/6/2013,19:06:38,1986,1,ELEICOES 1986,PI,PI,7,-1,-1,ANTONIO DE BARROS ARAUJO,NULO,DEPUTADO ESTADUAL,-1,NULO,2,DEFERIDO,1,ELEITO,25,PFL,PARTIDO DA FRENTE LIBERAL ,-1,NULO,PFL,18063,2,MASCULINO,2,ELEICOES ORDINARIAS,ESTADUAIS,-1,NULO,-1,-1,NULO,-1,NULO,-1,NULO,-1,-1
3/6/2013,19:06:38,1986,1,ELEICOES 1986,PI,PI,7,-1,-1,ANTONIO DUMONT VIEIRA,NULO,DEPUTADO ESTADUAL,-1,NULO,2,DEFERIDO,2,SUPLENTE,15,PMDB,PARTIDO DO MOVIMENTO DEMOCRATICO BRASILEIRO,-1,OPOSICOES COLIGADAS,PMDB / PDS / PCB / PCdoB,2101,2,MASCULINO,2,ELEICOES ORDINARIAS,ESTADUAIS,-1,NULO,-1,-1,NULO,-1,NULO,-1,NULO,-1,-1
3/6/2013,19:06:38,1986,1,ELEICOES 1986,PI,PI,7,-1,-1,ANTONIO JOSE CASTELO BRANCO MEDEIROS,NULO,DEPUTADO ESTADUAL,-1,NULO,2,DEFERIDO,4,NAO ELEITO,13,PT,PARTIDO DOS TRABALHADORES,-1,NULO,PT,6421,2,MASCULINO,2,ELEICOES ORDINARIAS,ESTADUAIS,-1,NULO,-1,-1,NULO,-1,NULO,-1,NULO,-1,-1
3/6/2013,19:06:38,1986,1,ELEICOES 1986,PI,PI,7,-1,-1,ANTONIO JOSE MORAES SOUSA,NULO,DEPUTADO ESTADUAL,-1,NULO,2,DEFERIDO,1,ELEITO,25,PFL,PARTIDO DA FRENTE LIBERAL ,-1,NULO,PFL,14961,2,MASCULINO,2,ELEICOES ORDINARIAS,ESTADUAIS,-1,NULO,-1,-1,NULO,-1,NULO,-1,NULO,-1,-1
3/6/2013,19:06:38,1986,1,ELEICOES 1986,PI,PI,7,-1,-1,ANTONIO PEREIRA DO NASCIMENTO FILHO,NULO,DEPUTADO ESTADUAL,-1,NULO,2,DEFERIDO,2,SUPLENTE,15,PMDB,PARTIDO DO MOVIMENTO DEMOCRATICO BRASILEIRO,-1,OPOSICOES COLIGADAS,PMDB / PDS / PCB / PCdoB,455,2,MASCULINO,2,ELEICOES ORDINARIAS,ESTADUAIS,-1,NULO,-1,-1,NULO,-1,NULO,-1,NULO,-1,-1
3/6/2013,19:06:38,1986,1,ELEICOES 1986,PI,PI,7,-1,-1,ANTONIO PIEROT DO NASCIMENTO,NULO,DEPUTADO ESTADUAL,-1,NULO,2,DEFERIDO,4,NAO ELEITO,12,PDT,PARTIDO DEMOCRATICO TRABALHISTA,-1,NULO,PDT,314,2,MASCULINO,2,ELEICOES ORDINARIAS,ESTADUAIS,-1,NULO,-1,-1,NULO,-1,NULO,-1,NULO,-1,-1
3/6/2013,19:06:38,1986,1,ELEICOES 1986,PI,PI,7,-1,-1,ANTONIO RUFINO SOBRINHO,NULO,DEPUTADO ESTADUAL,-1,NULO,2,DEFERIDO,1,ELEITO,25,PFL,PARTIDO DA FRENTE LIBERAL ,-1,NULO,PFL,12937,2,MASCULINO,2,ELEICOES ORDINARIAS,ESTADUAIS,-1,NULO,-1,-1,NULO,-1,NULO,-1,NULO,-1,-1
3/6/2013,19:06:38,1986,1,ELEICOES 1986,PI,PI,7,-1,-1,ANTONIO SARMENTO DE ARAUJO COSTA,NULO,DEPUTADO ESTADUAL,-1,NULO,2,DEFERIDO,4,NAO ELEITO,12,PDT,PARTIDO DEMOCRATICO TRABALHISTA,-1,NULO,PDT,1633,2,MASCULINO,2,ELEICOES ORDINARIAS,ESTADUAIS,-1,NULO,-1,-1,NULO,-1,NULO,-1,NULO,-1,-1
3/6/2013,19:06:38,1986,1,ELEICOES 1986,PI,PI,7,-1,-1,ANTONIO UBIRATAN DE CARVALHO,NULO,DEPUTADO ESTADUAL,-1,NULO,2,DEFERIDO,4,NAO ELEITO,12,PDT,PARTIDO DEMOCRATICO TRABALHISTA,-1,NULO,PDT,166,2,MASCULINO,2,ELEICOES ORDINARIAS,ESTADUAIS,-1,NULO,-1,-1,NULO,-1,NULO,-1,NULO,-1,-1
3/6/2013,19:06:38,1986,1,ELEICOES 1986,PI,PI,7,-1,-1,ANTONIO VIEIRA PIAUILINO NETO,NULO,DEPUTADO ESTADUAL,-1,NULO,2,DEFERIDO,2,SUPLENTE,11,PDS,PARTIDO DEMOCRATICO SOCIAL,-1,OPOSICOES COLIGADAS,PMDB / PDS / PCB / PCdoB,836,2,MASCULINO,2,ELEICOES ORDINARIAS,ESTADUAIS,-1,NULO,-1,-1,NULO,-1,NULO,-1,NULO,-1,-1
3/6/2013,19:06:38,1986,1,ELEICOES 1986,PI,PI,7,-1,-1,AQUILES NOGUEIRA LIMA,NULO,DEPUTADO ESTADUAL,-1,NULO,2,DEFERIDO,2,SUPLENTE,25,PFL,PARTIDO DA FRENTE LIBERAL ,-1,NULO,PFL,10338,2,MASCULINO,2,ELEICOES ORDINARIAS,ESTADUAIS,-1,NULO,-1,-1,NULO,-1,NULO,-1,NULO,-1,-1
3/6/2013,19:06:38,1986,1,ELEICOES 1986,PI,PI,7,-1,-1,AURINO NUNES FILHO,NULO,DEPUTADO ESTADUAL,-1,NULO,2,DEFERIDO,2,SUPLENTE,25,PFL,PARTIDO DA FRENTE LIBERAL ,-1,NULO,PFL,2529,2,MASCULINO,2,ELEICOES ORDINARIAS,ESTADUAIS,-1,NULO,-1,-1,NULO,-1,NULO,-1,NULO,-1,-1
3/6/2013,19:06:38,1986,1,ELEICOES 1986,PI,PI,7,-1,-1,CARLOS ALBERTO DE MELO LOBO,NULO,DEPUTADO ESTADUAL,-1,NULO,2,DEFERIDO,4,NAO ELEITO,12,PDT,PARTIDO DEMOCRATICO TRABALHISTA,-1,NULO,PDT,1885,2,MASCULINO,2,ELEICOES ORDINARIAS,ESTADUAIS,-1,NULO,-1,-1,NULO,-1,NULO,-1,NULO,-1,-1
3/6/2013,19:06:38,1986,1,ELEICOES 1986,PI,PI,7,-1,-1,CARLOS AUGUSTO DA PAZ,NULO,DEPUTADO ESTADUAL,-1,NULO,2,DEFERIDO,2,SUPLENTE,15,PMDB,PARTIDO DO MOVIMENTO DEMOCRATICO BRASILEIRO,-1,OPOSICOES COLIGADAS,PMDB / PDS / PCB / PCdoB,5664,2,MASCULINO,2,ELEICOES ORDINARIAS,ESTADUAIS,-1,NULO,-1,-1,NULO,-1,NULO,-1,NULO,-1,-1
3/6/2013,19:06:38,1986,1,ELEICOES 1986,PI,PI,7,-1,-1,CARLOS AUGUSTO DE ARAUJO LIMA,NULO,DEPUTADO ESTADUAL,-1,NULO,2,DEFERIDO,2,SUPLENTE,11,PDS,PARTIDO DEMOCRATICO SOCIAL,-1,OPOSICOES COLIGADAS,PMDB / PDS / PCB / PCdoB,2834,2,MASCULINO,2,ELEICOES ORDINARIAS,ESTADUAIS,-1,NULO,-1,-1,NULO,-1,NULO,-1,NULO,-1,-1
3/6/2013,19:06:38,1986,1,ELEICOES 1986,PI,PI,7,-1,-1,CARLOS DAMASCENO ALELAF,NULO,DEPUTADO ESTADUAL,-1,NULO,2,DEFERIDO,2,SUPLENTE,15,PMDB,PARTIDO DO MOVIMENTO DEMOCRATICO BRASILEIRO,-1,OPOSICOES COLIGADAS,PMDB / PDS / PCB / PCdoB,5671,2,MASCULINO,2,ELEICOES ORDINARIAS,ESTADUAIS,-1,NULO,-1,-1,NULO,-1,NULO,-1,NULO,-1,-1
3/6/2013,19:06:38,1986,1,ELEICOES 1986,PI,PI,7,-1,-1,CARLOS GUSTAVO DE MIRANDA TORRES,NULO,DEPUTADO ESTADUAL,-1,NULO,2,DEFERIDO,4,NAO ELEITO,13,PT,PARTIDO DOS TRABALHADORES,-1,NULO,PT,588,2,MASCULINO,2,ELEICOES ORDINARIAS,ESTADUAIS,-1,NULO,-1,-1,NULO,-1,NULO,-1,NULO,-1,-1
3/6/2013,19:06:38,1986,1,ELEICOES 1986,PI,PI,7,-1,-1,CARLOS LUIZ NUNES DE BARROS,NULO,DEPUTADO ESTADUAL,-1,NULO,2,DEFERIDO,2,SUPLENTE,11,PDS,PARTIDO DEMOCRATICO SOCIAL,-1,OPOSICOES COLIGADAS,PMDB / PDS / PCB / PCdoB,7482,2,MASCULINO,2,ELEICOES ORDINARIAS,ESTADUAIS,-1,NULO,-1,-1,NULO,-1,NULO,-1,NULO,-1,-1
3/6/2013,19:06:38,1986,1,ELEICOES 1986,PI,PI,7,-1,-1,CONSTANTINO DA SILVA MORAIS,NULO,DEPUTADO ESTADUAL,-1,NULO,2,DEFERIDO,2,SUPLENTE,15,PMDB,PARTIDO DO MOVIMENTO DEMOCRATICO BRASILEIRO,-1,OPOSICOES COLIGADAS,PMDB / PDS / PCB / PCdoB,279,2,MASCULINO,2,ELEICOES ORDINARIAS,ESTADUAIS,-1,NULO,-1,-1,NULO,-1,NULO,-1,NULO,-1,-1
3/6/2013,19:06:38,1986,1,ELEICOES 1986,PI,PI,7,-1,-1,DIDIMO DE CASTRO PEREIRA,NULO,DEPUTADO ESTADUAL,-1,NULO,2,DEFERIDO,2,SUPLENTE,25,PFL,PARTIDO DA FRENTE LIBERAL ,-1,NULO,PFL,2697,2,MASCULINO,2,ELEICOES ORDINARIAS,ESTADUAIS,-1,NULO,-1,-1,NULO,-1,NULO,-1,NULO,-1,-1
3/6/2013,19:06:38,1986,1,ELEICOES 1986,PI,PI,7,-1,-1,EDILSON CARVALHO DE SOUSA,NULO,DEPUTADO ESTADUAL,-1,NULO,2,DEFERIDO,4,NAO ELEITO,12,PDT,PARTIDO DEMOCRATICO TRABALHISTA,-1,NULO,PDT,493,2,MASCULINO,2,ELEICOES ORDINARIAS,ESTADUAIS,-1,NULO,-1,-1,NULO,-1,NULO,-1,NULO,-1,-1
3/6/2013,19:06:38,1986,1,ELEICOES 1986,PI,PI,7,-1,-1,EDMILSON SILVA DE ARAUJO,NULO,DEPUTADO ESTADUAL,-1,NULO,2,DEFERIDO,4,NAO ELEITO,13,PT,PARTIDO DOS TRABALHADORES,-1,NULO,PT,988,2,MASCULINO,2,ELEICOES ORDINARIAS,ESTADUAIS,-1,NULO,-1,-1,NULO,-1,NULO,-1,NULO,-1,-1
3/6/2013,19:06:38,1986,1,ELEICOES 1986,PI,PI,7,-1,-1,ELIAS XIMENES DO PRADO JUNIOR,NULO,DEPUTADO ESTADUAL,-1,NULO,2,DEFERIDO,4,NAO ELEITO,12,PDT,PARTIDO DEMOCRATICO TRABALHISTA,-1,NULO,PDT,3564,2,MASCULINO,2,ELEICOES ORDINARIAS,ESTADUAIS,-1,NULO,-1,-1,NULO,-1,NULO,-1,NULO,-1,-1
3/6/2013,19:06:38,1986,1,ELEICOES 1986,PI,PI,7,-1,-1,ELIEZER DE SOUSA TEIXEIRA,NULO,DEPUTADO ESTADUAL,-1,NULO,2,DEFERIDO,2,SUPLENTE,15,PMDB,PARTIDO DO MOVIMENTO DEMOCRATICO BRASILEIRO,-1,OPOSICOES COLIGADAS,PMDB / PDS / PCB / PCdoB,2027,2,MASCULINO,2,ELEICOES ORDINARIAS,ESTADUAIS,-1,NULO,-1,-1,NULO,-1,NULO,-1,NULO,-1,-1
3/6/2013,19:06:38,1986,1,ELEICOES 1986,PI,PI,7,-1,-1,ERASMO JOSE ALVES BORGES,NULO,DEPUTADO ESTADUAL,-1,NULO,2,DEFERIDO,4,NAO ELEITO,12,PDT,PARTIDO DEMOCRATICO TRABALHISTA,-1,NULO,PDT,453,2,MASCULINO,2,ELEICOES ORDINARIAS,ESTADUAIS,-1,NULO,-1,-1,NULO,-1,NULO,-1,NULO,-1,-1
3/6/2013,19:06:38,1986,1,ELEICOES 1986,PI,PI,7,-1,-1,FERNANDO ALBERTO DE BRITO MONTEIRO,NULO,DEPUTADO ESTADUAL,-1,NULO,2,DEFERIDO,1,ELEITO,25,PFL,PARTIDO DA FRENTE LIBERAL ,-1,NULO,PFL,12080,2,MASCULINO,2,ELEICOES ORDINARIAS,ESTADUAIS,-1,NULO,-1,-1,NULO,-1,NULO,-1,NULO,-1,-1
3/6/2013,19:06:38,1986,1,ELEICOES 1986,PI,PI,7,-1,-1,FERNANDO SILVA DE MENESES,NULO,DEPUTADO ESTADUAL,-1,NULO,2,DEFERIDO,4,NAO ELEITO,13,PT,PARTIDO DOS TRABALHADORES,-1,NULO,PT,135,2,MASCULINO,2,ELEICOES ORDINARIAS,ESTADUAIS,-1,NULO,-1,-1,NULO,-1,NULO,-1,NULO,-1,-1
3/6/2013,19:06:38,1986,1,ELEICOES 1986,PI,PI,7,-1,-1,FRANCILIO RIBEIRO DE ALMEIDA,NULO,DEPUTADO ESTADUAL,-1,NULO,2,DEFERIDO,2,SUPLENTE,15,PMDB,PARTIDO DO MOVIMENTO DEMOCRATICO BRASILEIRO,-1,OPOSICOES COLIGADAS,PMDB / PDS / PCB / PCdoB,7506,2,MASCULINO,2,ELEICOES ORDINARIAS,ESTADUAIS,-1,NULO,-1,-1,NULO,-1,NULO,-1,NULO,-1,-1
3/6/2013,19:06:38,1986,1,ELEICOES 1986,PI,PI,7,-1,-1,FRANCINEIDE PIRES PEREIRA,NULO,DEPUTADO ESTADUAL,-1,NULO,2,DEFERIDO,2,SUPLENTE,24,PCdoB,PARTIDO COMUNISTA DO BRASIL,-1,OPOSICOES COLIGADAS,PMDB / PDS / PCB / PCdoB,5,4,FEMININO,2,ELEICOES ORDINARIAS,ESTADUAIS,-1,NULO,-1,-1,NULO,-1,NULO,-1,NULO,-1,-1
3/6/2013,19:06:38,1986,1,ELEICOES 1986,PI,PI,7,-1,-1,FRANCISCA RAMOS DE ARAUJO,NULO,DEPUTADO ESTADUAL,-1,NULO,2,DEFERIDO,2,SUPLENTE,23,PCB,PARTIDO COMUNISTA BRASILEIRO,-1,OPOSICOES COLIGADAS,PMDB / PDS / PCB / PCdoB,397,4,FEMININO,2,ELEICOES ORDINARIAS,ESTADUAIS,-1,NULO,-1,-1,NULO,-1,NULO,-1,NULO,-1,-1
3/6/2013,19:06:38,1986,1,ELEICOES 1986,PI,PI,7,-1,-1,FRANCISCO ABRAAO GOMES DE OLIVEIRA,NULO,DEPUTADO ESTADUAL,-1,NULO,2,DEFERIDO,2,SUPLENTE,25,PFL,PARTIDO DA FRENTE LIBERAL ,-1,NULO,PFL,11143,2,MASCULINO,2,ELEICOES ORDINARIAS,ESTADUAIS,-1,NULO,-1,-1,NULO,-1,NULO,-1,NULO,-1,-1
3/6/2013,19:06:38,1986,1,ELEICOES 1986,PI,PI,7,-1,-1,FRANCISCO ALVES DO PRADO NETO,NULO,DEPUTADO ESTADUAL,-1,NULO,2,DEFERIDO,4,NAO ELEITO,12,PDT,PARTIDO DEMOCRATICO TRABALHISTA,-1,NULO,PDT,197,2,MASCULINO,2,ELEICOES ORDINARIAS,ESTADUAIS,-1,NULO,-1,-1,NULO,-1,NULO,-1,NULO,-1,-1
3/6/2013,19:06:38,1986,1,ELEICOES 1986,PI,PI,7,-1,-1,FRANCISCO CHAGAS VIANA,NULO,DEPUTADO ESTADUAL,-1,NULO,2,DEFERIDO,4,NAO ELEITO,12,PDT,PARTIDO DEMOCRATICO TRABALHISTA,-1,NULO,PDT,166,2,MASCULINO,2,ELEICOES ORDINARIAS,ESTADUAIS,-1,NULO,-1,-1,NULO,-1,NULO,-1,NULO,-1,-1
3/6/2013,19:06:38,1986,1,ELEICOES 1986,PI,PI,7,-1,-1,FRANCISCO DAS CHAGAS ARAUJO,NULO,DEPUTADO ESTADUAL,-1,NULO,2,DEFERIDO,4,NAO ELEITO,12,PDT,PARTIDO DEMOCRATICO TRABALHISTA,-1,NULO,PDT,63,2,MASCULINO,2,ELEICOES ORDINARIAS,ESTADUAIS,-1,NULO,-1,-1,NULO,-1,NULO,-1,NULO,-1,-1
3/6/2013,19:06:38,1986,1,ELEICOES 1986,PI,PI,7,-1,-1,FRANCISCO DAS CHAGAS GALVAO,NULO,DEPUTADO ESTADUAL,-1,NULO,2,DEFERIDO,2,SUPLENTE,15,PMDB,PARTIDO DO MOVIMENTO DEMOCRATICO BRASILEIRO,-1,OPOSICOES COLIGADAS,PMDB / PDS / PCB / PCdoB,83,2,MASCULINO,2,ELEICOES ORDINARIAS,ESTADUAIS,-1,NULO,-1,-1,NULO,-1,NULO,-1,NULO,-1,-1
3/6/2013,19:06:38,1986,1,ELEICOES 1986,PI,PI,7,-1,-1,FRANCISCO DAS CHAGAS MACHADO QUEIROZ,NULO,DEPUTADO ESTADUAL,-1,NULO,2,DEFERIDO,2,SUPLENTE,25,PFL,PARTIDO DA FRENTE LIBERAL ,-1,NULO,PFL,1285,2,MASCULINO,2,ELEICOES ORDINARIAS,ESTADUAIS,-1,NULO,-1,-1,NULO,-1,NULO,-1,NULO,-1,-1
3/6/2013,19:06:38,1986,1,ELEICOES 1986,PI,PI,7,-1,-1,FRANCISCO DAS CHAGAS MARQUES FIGUEIRDO,NULO,DEPUTADO ESTADUAL,-1,NULO,2,DEFERIDO,2,SUPLENTE,15,PMDB,PARTIDO DO MOVIMENTO DEMOCRATICO BRASILEIRO,-1,OPOSICOES COLIGADAS,PMDB / PDS / PCB / PCdoB,1460,2,MASCULINO,2,ELEICOES ORDINARIAS,ESTADUAIS,-1,NULO,-1,-1,NULO,-1,NULO,-1,NULO,-1,-1
3/6/2013,19:06:38,1986,1,ELEICOES 1986,PI,PI,7,-1,-1,FRANCISCO DAS CHAGAS PINHEIRO,NULO,DEPUTADO ESTADUAL,-1,NULO,2,DEFERIDO,4,NAO ELEITO,12,PDT,PARTIDO DEMOCRATICO TRABALHISTA,-1,NULO,PDT,310,2,MASCULINO,2,ELEICOES ORDINARIAS,ESTADUAIS,-1,NULO,-1,-1,NULO,-1,NULO,-1,NULO,-1,-1
3/6/2013,19:06:38,1986,1,ELEICOES 1986,PI,PI,7,-1,-1,FRANCISCO DAS CHAGAS RIBEIRO MAGALHAES,NULO,DEPUTADO ESTADUAL,-1,NULO,2,DEFERIDO,2,SUPLENTE,15,PMDB,PARTIDO DO MOVIMENTO DEMOCRATICO BRASILEIRO,-1,OPOSICOES COLIGADAS,PMDB / PDS / PCB / PCdoB,4041,2,MASCULINO,2,ELEICOES ORDINARIAS,ESTADUAIS,-1,NULO,-1,-1,NULO,-1,NULO,-1,NULO,-1,-1
3/6/2013,19:06:38,1986,1,ELEICOES 1986,PI,PI,7,-1,-1,FRANCISCO DE ASSIS NEGREIROS,NULO,DEPUTADO ESTADUAL,-1,NULO,2,DEFERIDO,2,SUPLENTE,15,PMDB,PARTIDO DO MOVIMENTO DEMOCRATICO BRASILEIRO,-1,OPOSICOES COLIGADAS,PMDB / PDS / PCB / PCdoB,351,2,MASCULINO,2,ELEICOES ORDINARIAS,ESTADUAIS,-1,NULO,-1,-1,NULO,-1,NULO,-1,NULO,-1,-1
3/6/2013,19:06:38,1986,1,ELEICOES 1986,PI,PI,7,-1,-1,FRANCISCO DE PAULA GONCALVES COSTA,NULO,DEPUTADO ESTADUAL,-1,NULO,2,DEFERIDO,1,ELEITO,25,PFL,PARTIDO DA FRENTE LIBERAL ,-1,NULO,PFL,20180,2,MASCULINO,2,ELEICOES ORDINARIAS,ESTADUAIS,-1,NULO,-1,-1,NULO,-1,NULO,-1,NULO,-1,-1
3/6/2013,19:06:38,1986,1,ELEICOES 1986,PI,PI,7,-1,-1,FRANCISCO FIGUEIREDO DE MESQUITA,NULO,DEPUTADO ESTADUAL,-1,NULO,2,DEFERIDO,1,ELEITO,15,PMDB,PARTIDO DO MOVIMENTO DEMOCRATICO BRASILEIRO,-1,OPOSICOES COLIGADAS,PMDB / PDS / PCB / PCdoB,8904,2,MASCULINO,2,ELEICOES ORDINARIAS,ESTADUAIS,-1,NULO,-1,-1,NULO,-1,NULO,-1,NULO,-1,-1
3/6/2013,19:06:38,1986,1,ELEICOES 1986,PI,PI,7,-1,-1,FRANCISCO FREITAS AZEVEDO,NULO,DEPUTADO ESTADUAL,-1,NULO,2,DEFERIDO,2,SUPLENTE,24,PCdoB,PARTIDO COMUNISTA DO BRASIL,-1,OPOSICOES COLIGADAS,PMDB / PDS / PCB / PCdoB,4,2,MASCULINO,2,ELEICOES ORDINARIAS,ESTADUAIS,-1,NULO,-1,-1,NULO,-1,NULO,-1,NULO,-1,-1
3/6/2013,19:06:38,1986,1,ELEICOES 1986,PI,PI,7,-1,-1,FRANCISCO INACIO MILANEZ,NULO,DEPUTADO ESTADUAL,-1,NULO,2,DEFERIDO,2,SUPLENTE,15,PMDB,PARTIDO DO MOVIMENTO DEMOCRATICO BRASILEIRO,-1,OPOSICOES COLIGADAS,PMDB / PDS / PCB / PCdoB,1615,2,MASCULINO,2,ELEICOES ORDINARIAS,ESTADUAIS,-1,NULO,-1,-1,NULO,-1,NULO,-1,NULO,-1,-1
3/6/2013,19:06:38,1986,1,ELEICOES 1986,PI,PI,7,-1,-1,FRANCISCO JOSE MARTINS JURITI,NULO,DEPUTADO ESTADUAL,-1,NULO,2,DEFERIDO,2,SUPLENTE,15,PMDB,PARTIDO DO MOVIMENTO DEMOCRATICO BRASILEIRO,-1,OPOSICOES COLIGADAS,PMDB / PDS / PCB / PCdoB,4384,2,MASCULINO,2,ELEICOES ORDINARIAS,ESTADUAIS,-1,NULO,-1,-1,NULO,-1,NULO,-1,NULO,-1,-1
3/6/2013,19:06:38,1986,1,ELEICOES 1986,PI,PI,7,-1,-1,FRANCISCO LUIS DE SOUSA,NULO,DEPUTADO ESTADUAL,-1,NULO,2,DEFERIDO,4,NAO ELEITO,12,PDT,PARTIDO DEMOCRATICO TRABALHISTA,-1,NULO,PDT,106,2,MASCULINO,2,ELEICOES ORDINARIAS,ESTADUAIS,-1,NULO,-1,-1,NULO,-1,NULO,-1,NULO,-1,-1
3/6/2013,19:06:38,1986,1,ELEICOES 1986,PI,PI,7,-1,-1,FRANCISCO MARDONIO DA PAZ SOUSA,NULO,DEPUTADO ESTADUAL,-1,NULO,2,DEFERIDO,2,SUPLENTE,11,PDS,PARTIDO DEMOCRATICO SOCIAL,-1,OPOSICOES COLIGADAS,PMDB / PDS / PCB / PCdoB,5153,2,MASCULINO,2,ELEICOES ORDINARIAS,ESTADUAIS,-1,NULO,-1,-1,NULO,-1,NULO,-1,NULO,-1,-1
3/6/2013,19:06:38,1986,1,ELEICOES 1986,PI,PI,7,-1,-1,FRANCISCO RIVADAVIO DE OLIVEIRA,NULO,DEPUTADO ESTADUAL,-1,NULO,2,DEFERIDO,2,SUPLENTE,25,PFL,PARTIDO DA FRENTE LIBERAL ,-1,NULO,PFL,1198,2,MASCULINO,2,ELEICOES ORDINARIAS,ESTADUAIS,-1,NULO,-1,-1,NULO,-1,NULO,-1,NULO,-1,-1
3/6/2013,19:06:38,1986,1,ELEICOES 1986,PI,PI,7,-1,-1,FRANCISCO RODRIGUES DE OLIVEIRA,NULO,DEPUTADO ESTADUAL,-1,NULO,2,DEFERIDO,2,SUPLENTE,15,PMDB,PARTIDO DO MOVIMENTO DEMOCRATICO BRASILEIRO,-1,OPOSICOES COLIGADAS,PMDB / PDS / PCB / PCdoB,1823,2,MASCULINO,2,ELEICOES ORDINARIAS,ESTADUAIS,-1,NULO,-1,-1,NULO,-1,NULO,-1,NULO,-1,-1
3/6/2013,19:06:38,1986,1,ELEICOES 1986,PI,PI,7,-1,-1,FRANCISCO RODRIGUES DOS SANTOS,NULO,DEPUTADO ESTADUAL,-1,NULO,2,DEFERIDO,2,SUPLENTE,15,PMDB,PARTIDO DO MOVIMENTO DEMOCRATICO BRASILEIRO,-1,OPOSICOES COLIGADAS,PMDB / PDS / PCB / PCdoB,659,2,MASCULINO,2,ELEICOES ORDINARIAS,ESTADUAIS,-1,NULO,-1,-1,NULO,-1,NULO,-1,NULO,-1,-1
3/6/2013,19:06:38,1986,1,ELEICOES 1986,PI,PI,7,-1,-1,FRANCISCO ROMAO DA SILVA,NULO,DEPUTADO ESTADUAL,-1,NULO,2,DEFERIDO,2,SUPLENTE,15,PMDB,PARTIDO DO MOVIMENTO DEMOCRATICO BRASILEIRO,-1,OPOSICOES COLIGADAS,PMDB / PDS / PCB / PCdoB,272,2,MASCULINO,2,ELEICOES ORDINARIAS,ESTADUAIS,-1,NULO,-1,-1,NULO,-1,NULO,-1,NULO,-1,-1
3/6/2013,19:06:38,1986,1,ELEICOES 1986,PI,PI,7,-1,-1,FRANCISCO TOMAZ TEIXEIRA,NULO,DEPUTADO ESTADUAL,-1,NULO,2,DEFERIDO,2,SUPLENTE,15,PMDB,PARTIDO DO MOVIMENTO DEMOCRATICO BRASILEIRO,-1,OPOSICOES COLIGADAS,PMDB / PDS / PCB / PCdoB,7502,2,MASCULINO,2,ELEICOES ORDINARIAS,ESTADUAIS,-1,NULO,-1,-1,NULO,-1,NULO,-1,NULO,-1,-1
3/6/2013,19:06:38,1986,1,ELEICOES 1986,PI,PI,7,-1,-1,GENIVAL TAVARES CAVALCANTE,NULO,DEPUTADO ESTADUAL,-1,NULO,2,DEFERIDO,4,NAO ELEITO,12,PDT,PARTIDO DEMOCRATICO TRABALHISTA,-1,NULO,PDT,656,2,MASCULINO,2,ELEICOES ORDINARIAS,ESTADUAIS,-1,NULO,-1,-1,NULO,-1,NULO,-1,NULO,-1,-1
3/6/2013,19:06:38,1986,1,ELEICOES 1986,PI,PI,7,-1,-1,GERARDO JURACY CAMPELO LEITE,NULO,DEPUTADO ESTADUAL,-1,NULO,2,DEFERIDO,1,ELEITO,25,PFL,PARTIDO DA FRENTE LIBERAL ,-1,NULO,PFL,18315,2,MASCULINO,2,ELEICOES ORDINARIAS,ESTADUAIS,-1,NULO,-1,-1,NULO,-1,NULO,-1,NULO,-1,-1
3/6/2013,19:06:38,1986,1,ELEICOES 1986,PI,PI,7,-1,-1,GERSON ANTONIO DE ARAUJO MOURAO,NULO,DEPUTADO ESTADUAL,-1,NULO,2,DEFERIDO,1,ELEITO,11,PDS,PARTIDO DEMOCRATICO SOCIAL,-1,OPOSICOES COLIGADAS,PMDB / PDS / PCB / PCdoB,9943,2,MASCULINO,2,ELEICOES ORDINARIAS,ESTADUAIS,-1,NULO,-1,-1,NULO,-1,NULO,-1,NULO,-1,-1
3/6/2013,19:06:38,1986,1,ELEICOES 1986,PI,PI,7,-1,-1,GILBERTO ALVES FERREIRA,NULO,DEPUTADO ESTADUAL,-1,NULO,2,DEFERIDO,4,NAO ELEITO,12,PDT,PARTIDO DEMOCRATICO TRABALHISTA,-1,NULO,PDT,1552,2,MASCULINO,2,ELEICOES ORDINARIAS,ESTADUAIS,-1,NULO,-1,-1,NULO,-1,NULO,-1,NULO,-1,-1
3/6/2013,19:06:38,1986,1,ELEICOES 1986,PI,PI,7,-1,-1,GUILHERME CAVALCANTE MELO,NULO,DEPUTADO ESTADUAL,-1,NULO,2,DEFERIDO,1,ELEITO,11,PDS,PARTIDO DEMOCRATICO SOCIAL,-1,OPOSICOES COLIGADAS,PMDB / PDS / PCB / PCdoB,8710,2,MASCULINO,2,ELEICOES ORDINARIAS,ESTADUAIS,-1,NULO,-1,-1,NULO,-1,NULO,-1,NULO,-1,-1
3/6/2013,19:06:38,1986,1,ELEICOES 1986,PI,PI,7,-1,-1,GUILHERME XAVIER DE OLIVEIRA NETO,NULO,DEPUTADO ESTADUAL,-1,NULO,2,DEFERIDO,1,ELEITO,25,PFL,PARTIDO DA FRENTE LIBERAL ,-1,NULO,PFL,21726,2,MASCULINO,2,ELEICOES ORDINARIAS,ESTADUAIS,-1,NULO,-1,-1,NULO,-1,NULO,-1,NULO,-1,-1
3/6/2013,19:06:38,1986,1,ELEICOES 1986,PI,PI,7,-1,-1,"HERCULANO MORAES""DA SILVA FILHO",NULO,DEPUTADO ESTADUAL,-1,NULO,2,DEFERIDO,2,SUPLENTE,11,PDS,PARTIDO DEMOCRATICO SOCIAL,-1,OPOSICOES COLIGADAS,PMDB / PDS / PCB / PCdoB,591,2,MASCULINO,2,ELEICOES ORDINARIAS,ESTADUAIS,-1,NULO,-1,-1,NULO,-1,NULO,-1,NULO,-1,-1
3/6/2013,19:06:38,1986,1,ELEICOES 1986,PI,PI,7,-1,-1,HOMERO FERREIRA CASTELO BRANCO NETO,NULO,DEPUTADO ESTADUAL,-1,NULO,2,DEFERIDO,2,SUPLENTE,25,PFL,PARTIDO DA FRENTE LIBERAL ,-1,NULO,PFL,10391,2,MASCULINO,2,ELEICOES ORDINARIAS,ESTADUAIS,-1,NULO,-1,-1,NULO,-1,NULO,-1,NULO,-1,-1
3/6/2013,19:06:38,1986,1,ELEICOES 1986,PI,PI,7,-1,-1,HUMBERTO REIS DA SILVEIRA,NULO,DEPUTADO ESTADUAL,-1,NULO,2,DEFERIDO,1,ELEITO,25,PFL,PARTIDO DA FRENTE LIBERAL ,-1,NULO,PFL,15631,2,MASCULINO,2,ELEICOES ORDINARIAS,ESTADUAIS,-1,NULO,-1,-1,NULO,-1,NULO,-1,NULO,-1,-1
3/6/2013,19:06:38,1986,1,ELEICOES 1986,PI,PI,7,-1,-1,ILDEFONSO VIEIRA DIAS,NULO,DEPUTADO ESTADUAL,-1,NULO,2,DEFERIDO,2,SUPLENTE,25,PFL,PARTIDO DA FRENTE LIBERAL ,-1,NULO,PFL,156,2,MASCULINO,2,ELEICOES ORDINARIAS,ESTADUAIS,-1,NULO,-1,-1,NULO,-1,NULO,-1,NULO,-1,-1
3/6/2013,19:06:38,1986,1,ELEICOES 1986,PI,PI,7,-1,-1,IRACEMA SANTOS ROCHA DA SILVA,NULO,DEPUTADO ESTADUAL,-1,NULO,2,DEFERIDO,2,SUPLENTE,25,PFL,PARTIDO DA FRENTE LIBERAL ,-1,NULO,PFL,800,4,FEMININO,2,ELEICOES ORDINARIAS,ESTADUAIS,-1,NULO,-1,-1,NULO,-1,NULO,-1,NULO,-1,-1
3/6/2013,19:06:38,1986,1,ELEICOES 1986,PI,PI,7,-1,-1,JESUS RODRIGUES ALVES,NULO,DEPUTADO ESTADUAL,-1,NULO,2,DEFERIDO,4,NAO ELEITO,12,PDT,PARTIDO DEMOCRATICO TRABALHISTA,-1,NULO,PDT,480,2,MASCULINO,2,ELEICOES ORDINARIAS,ESTADUAIS,-1,NULO,-1,-1,NULO,-1,NULO,-1,NULO,-1,-1
3/6/2013,19:06:38,1986,1,ELEICOES 1986,PI,PI,7,-1,-1,JOAO ANTONIO SAMPAIO,NULO,DEPUTADO ESTADUAL,-1,NULO,2,DEFERIDO,2,SUPLENTE,25,PFL,PARTIDO DA FRENTE LIBERAL ,-1,NULO,PFL,77,2,MASCULINO,2,ELEICOES ORDINARIAS,ESTADUAIS,-1,NULO,-1,-1,NULO,-1,NULO,-1,NULO,-1,-1
3/6/2013,19:06:38,1986,1,ELEICOES 1986,PI,PI,7,-1,-1,JOAO BATISTA COSTA,NULO,DEPUTADO ESTADUAL,-1,NULO,2,DEFERIDO,4,NAO ELEITO,13,PT,PARTIDO DOS TRABALHADORES,-1,NULO,PT,632,2,MASCULINO,2,ELEICOES ORDINARIAS,ESTADUAIS,-1,NULO,-1,-1,NULO,-1,NULO,-1,NULO,-1,-1
3/6/2013,19:06:38,1986,1,ELEICOES 1986,PI,PI,7,-1,-1,JOAO BATISTA DE CASTRO DIAS,NULO,DEPUTADO ESTADUAL,-1,NULO,2,DEFERIDO,2,SUPLENTE,15,PMDB,PARTIDO DO MOVIMENTO DEMOCRATICO BRASILEIRO,-1,OPOSICOES COLIGADAS,PMDB / PDS / PCB / PCdoB,6933,2,MASCULINO,2,ELEICOES ORDINARIAS,ESTADUAIS,-1,NULO,-1,-1,NULO,-1,NULO,-1,NULO,-1,-1
3/6/2013,19:06:38,1986,1,ELEICOES 1986,PI,PI,7,-1,-1,JOAO BATISTA DOS SANTOS NEVES,NULO,DEPUTADO ESTADUAL,-1,NULO,2,DEFERIDO,2,SUPLENTE,25,PFL,PARTIDO DA FRENTE LIBERAL ,-1,NULO,PFL,517,2,MASCULINO,2,ELEICOES ORDINARIAS,ESTADUAIS,-1,NULO,-1,-1,NULO,-1,NULO,-1,NULO,-1,-1
3/6/2013,19:06:38,1986,1,ELEICOES 1986,PI,PI,7,-1,-1,JOAO CARLOS DIAS,NULO,DEPUTADO ESTADUAL,-1,NULO,2,DEFERIDO,2,SUPLENTE,15,PMDB,PARTIDO DO MOVIMENTO DEMOCRATICO BRASILEIRO,-1,OPOSICOES COLIGADAS,PMDB / PDS / PCB / PCdoB,28,2,MASCULINO,2,ELEICOES ORDINARIAS,ESTADUAIS,-1,NULO,-1,-1,NULO,-1,NULO,-1,NULO,-1,-1
3/6/2013,19:06:38,1986,1,ELEICOES 1986,PI,PI,7,-1,-1,JOAO CAVALCANTE BARROS,NULO,DEPUTADO ESTADUAL,-1,NULO,2,DEFERIDO,2,SUPLENTE,25,PFL,PARTIDO DA FRENTE LIBERAL ,-1,NULO,PFL,81,2,MASCULINO,2,ELEICOES ORDINARIAS,ESTADUAIS,-1,NULO,-1,-1,NULO,-1,NULO,-1,NULO,-1,-1
3/6/2013,19:06:38,1986,1,ELEICOES 1986,PI,PI,7,-1,-1,JOAO CRISOSTOMO BATISTA,NULO,DEPUTADO ESTADUAL,-1,NULO,2,DEFERIDO,2,SUPLENTE,24,PCdoB,PARTIDO COMUNISTA DO BRASIL,-1,OPOSICOES COLIGADAS,PMDB / PDS / PCB / PCdoB,3,2,MASCULINO,2,ELEICOES ORDINARIAS,ESTADUAIS,-1,NULO,-1,-1,NULO,-1,NULO,-1,NULO,-1,-1
3/6/2013,19:06:38,1986,1,ELEICOES 1986,PI,PI,7,-1,-1,JOAO DE DEUS TORRES,NULO,DEPUTADO ESTADUAL,-1,NULO,2,DEFERIDO,2,SUPLENTE,25,PFL,PARTIDO DA FRENTE LIBERAL ,-1,NULO,PFL,33,2,MASCULINO,2,ELEICOES ORDINARIAS,ESTADUAIS,-1,NULO,-1,-1,NULO,-1,NULO,-1,NULO,-1,-1
3/6/2013,19:06:38,1986,1,ELEICOES 1986,PI,PI,7,-1,-1,JOAO GUALBERTO DE SOUSA,NULO,DEPUTADO ESTADUAL,-1,NULO,2,DEFERIDO,2,SUPLENTE,24,PCdoB,PARTIDO COMUNISTA DO BRASIL,-1,OPOSICOES COLIGADAS,PMDB / PDS / PCB / PCdoB,23,2,MASCULINO,2,ELEICOES ORDINARIAS,ESTADUAIS,-1,NULO,-1,-1,NULO,-1,NULO,-1,NULO,-1,-1
3/6/2013,19:06:38,1986,1,ELEICOES 1986,PI,PI,7,-1,-1,JOAO GUALBERTO DOS SANTOS,NULO,DEPUTADO ESTADUAL,-1,NULO,2,DEFERIDO,4,NAO ELEITO,13,PT,PARTIDO DOS TRABALHADORES,-1,NULO,PT,739,2,MASCULINO,2,ELEICOES ORDINARIAS,ESTADUAIS,-1,NULO,-1,-1,NULO,-1,NULO,-1,NULO,-1,-1
3/6/2013,19:06:38,1986,1,ELEICOES 1986,PI,PI,7,-1,-1,JOAO SILVA NETO,NULO,DEPUTADO ESTADUAL,-1,NULO,2,DEFERIDO,1,ELEITO,15,PMDB,PARTIDO DO MOVIMENTO DEMOCRATICO BRASILEIRO,-1,OPOSICOES COLIGADAS,PMDB / PDS / PCB / PCdoB,11725,2,MASCULINO,2,ELEICOES ORDINARIAS,ESTADUAIS,-1,NULO,-1,-1,NULO,-1,NULO,-1,NULO,-1,-1
3/6/2013,19:06:38,1986,1,ELEICOES 1986,PI,PI,7,-1,-1,JOAQUIM MAMEDE LIMA,NULO,DEPUTADO ESTADUAL,-1,NULO,2,DEFERIDO,2,SUPLENTE,15,PMDB,PARTIDO DO MOVIMENTO DEMOCRATICO BRASILEIRO,-1,OPOSICOES COLIGADAS,PMDB / PDS / PCB / PCdoB,722,2,MASCULINO,2,ELEICOES ORDINARIAS,ESTADUAIS,-1,NULO,-1,-1,NULO,-1,NULO,-1,NULO,-1,-1
3/6/2013,19:06:38,1986,1,ELEICOES 1986,PI,PI,7,-1,-1,JOAQUIM PEDRO BATISTA,NULO,DEPUTADO ESTADUAL,-1,NULO,2,DEFERIDO,4,NAO ELEITO,13,PT,PARTIDO DOS TRABALHADORES,-1,NULO,PT,1157,2,MASCULINO,2,ELEICOES ORDINARIAS,ESTADUAIS,-1,NULO,-1,-1,NULO,-1,NULO,-1,NULO,-1,-1
3/6/2013,19:06:38,1986,1,ELEICOES 1986,PI,PI,7,-1,-1,JOSE BRUNO DOS SANTOS,NULO,DEPUTADO ESTADUAL,-1,NULO,2,DEFERIDO,2,SUPLENTE,15,PMDB,PARTIDO DO MOVIMENTO DEMOCRATICO BRASILEIRO,-1,OPOSICOES COLIGADAS,PMDB / PDS / PCB / PCdoB,3878,2,MASCULINO,2,ELEICOES ORDINARIAS,ESTADUAIS,-1,NULO,-1,-1,NULO,-1,NULO,-1,NULO,-1,-1
3/6/2013,19:06:38,1986,1,ELEICOES 1986,PI,PI,7,-1,-1,JOSE DE RIBAMAR DOS SANTOS,NULO,DEPUTADO ESTADUAL,-1,NULO,2,DEFERIDO,4,NAO ELEITO,13,PT,PARTIDO DOS TRABALHADORES,-1,NULO,PT,490,2,MASCULINO,2,ELEICOES ORDINARIAS,ESTADUAIS,-1,NULO,-1,-1,NULO,-1,NULO,-1,NULO,-1,-1
3/6/2013,19:06:38,1986,1,ELEICOES 1986,PI,PI,7,-1,-1,JOSE FRANCISO DUTRA NETO,NULO,DEPUTADO ESTADUAL,-1,NULO,2,DEFERIDO,4,NAO ELEITO,12,PDT,PARTIDO DEMOCRATICO TRABALHISTA,-1,NULO,PDT,137,2,MASCULINO,2,ELEICOES ORDINARIAS,ESTADUAIS,-1,NULO,-1,-1,NULO,-1,NULO,-1,NULO,-1,-1
3/6/2013,19:06:38,1986,1,ELEICOES 1986,PI,PI,7,-1,-1,JOSE GEORGEVITCH MAURICIO,NULO,DEPUTADO ESTADUAL,-1,NULO,2,DEFERIDO,2,SUPLENTE,25,PFL,PARTIDO DA FRENTE LIBERAL ,-1,NULO,PFL,1392,2,MASCULINO,2,ELEICOES ORDINARIAS,ESTADUAIS,-1,NULO,-1,-1,NULO,-1,NULO,-1,NULO,-1,-1
3/6/2013,19:06:38,1986,1,ELEICOES 1986,PI,PI,7,-1,-1,JOSE GOMES DA SILVA,NULO,DEPUTADO ESTADUAL,-1,NULO,2,DEFERIDO,4,NAO ELEITO,12,PDT,PARTIDO DEMOCRATICO TRABALHISTA,-1,NULO,PDT,2621,2,MASCULINO,2,ELEICOES ORDINARIAS,ESTADUAIS,-1,NULO,-1,-1,NULO,-1,NULO,-1,NULO,-1,-1
3/6/2013,19:06:38,1986,1,ELEICOES 1986,PI,PI,7,-1,-1,JOSE JOSUE MARTINS ANDRADE,NULO,DEPUTADO ESTADUAL,-1,NULO,2,DEFERIDO,2,SUPLENTE,25,PFL,PARTIDO DA FRENTE LIBERAL ,-1,NULO,PFL,679,2,MASCULINO,2,ELEICOES ORDINARIAS,ESTADUAIS,-1,NULO,-1,-1,NULO,-1,NULO,-1,NULO,-1,-1
3/6/2013,19:06:38,1986,1,ELEICOES 1986,PI,PI,7,-1,-1,JOSE MARIA GONCALVES VIANA,NULO,DEPUTADO ESTADUAL,-1,NULO,2,DEFERIDO,2,SUPLENTE,11,PDS,PARTIDO DEMOCRATICO SOCIAL,-1,OPOSICOES COLIGADAS,PMDB / PDS / PCB / PCdoB,5075,2,MASCULINO,2,ELEICOES ORDINARIAS,ESTADUAIS,-1,NULO,-1,-1,NULO,-1,NULO,-1,NULO,-1,-1
3/6/2013,19:06:38,1986,1,ELEICOES 1986,PI,PI,7,-1,-1,JOSE NEUBURGO DE OLIVEIRA,NULO,DEPUTADO ESTADUAL,-1,NULO,2,DEFERIDO,4,NAO ELEITO,13,PT,PARTIDO DOS TRABALHADORES,-1,NULO,PT,389,2,MASCULINO,2,ELEICOES ORDINARIAS,ESTADUAIS,-1,NULO,-1,-1,NULO,-1,NULO,-1,NULO,-1,-1
3/6/2013,19:06:38,1986,1,ELEICOES 1986,PI,PI,7,-1,-1,JOSE NUNES DE OLIVEIRA,NULO,DEPUTADO ESTADUAL,-1,NULO,2,DEFERIDO,2,SUPLENTE,15,PMDB,PARTIDO DO MOVIMENTO DEMOCRATICO BRASILEIRO,-1,OPOSICOES COLIGADAS,PMDB / PDS / PCB / PCdoB,54,2,MASCULINO,2,ELEICOES ORDINARIAS,ESTADUAIS,-1,NULO,-1,-1,NULO,-1,NULO,-1,NULO,-1,-1
3/6/2013,19:06:38,1986,1,ELEICOES 1986,PI,PI,7,-1,-1,JOSE REIS PEREIRA,NULO,DEPUTADO ESTADUAL,-1,NULO,2,DEFERIDO,1,ELEITO,15,PMDB,PARTIDO DO MOVIMENTO DEMOCRATICO BRASILEIRO,-1,OPOSICOES COLIGADAS,PMDB / PDS / PCB / PCdoB,10033,2,MASCULINO,2,ELEICOES ORDINARIAS,ESTADUAIS,-1,NULO,-1,-1,NULO,-1,NULO,-1,NULO,-1,-1
3/6/2013,19:06:38,1986,1,ELEICOES 1986,PI,PI,7,-1,-1,JOSE SEPULVEDA ALMENDRA FILHO,NULO,DEPUTADO ESTADUAL,-1,NULO,2,DEFERIDO,2,SUPLENTE,15,PMDB,PARTIDO DO MOVIMENTO DEMOCRATICO BRASILEIRO,-1,OPOSICOES COLIGADAS,PMDB / PDS / PCB / PCdoB,355,2,MASCULINO,2,ELEICOES ORDINARIAS,ESTADUAIS,-1,NULO,-1,-1,NULO,-1,NULO,-1,NULO,-1,-1
3/6/2013,19:06:38,1986,1,ELEICOES 1986,PI,PI,7,-1,-1,JOSE VALERIO DA SILVA,NULO,DEPUTADO ESTADUAL,-1,NULO,2,DEFERIDO,4,NAO ELEITO,13,PT,PARTIDO DOS TRABALHADORES,-1,NULO,PT,254,2,MASCULINO,2,ELEICOES ORDINARIAS,ESTADUAIS,-1,NULO,-1,-1,NULO,-1,NULO,-1,NULO,-1,-1
3/6/2013,19:06:38,1986,1,ELEICOES 1986,PI,PI,7,-1,-1,JOSE VIRGILIO MADEIRA MARTINS QUEIROZ,NULO,DEPUTADO ESTADUAL,-1,NULO,2,DEFERIDO,4,NAO ELEITO,12,PDT,PARTIDO DEMOCRATICO TRABALHISTA,-1,NULO,PDT,312,2,MASCULINO,2,ELEICOES ORDINARIAS,ESTADUAIS,-1,NULO,-1,-1,NULO,-1,NULO,-1,NULO,-1,-1
3/6/2013,19:06:38,1986,1,ELEICOES 1986,PI,PI,7,-1,-1,JUAREZ PIAUHYENSE DE FREITAS TAPETY,NULO,DEPUTADO ESTADUAL,-1,NULO,2,DEFERIDO,1,ELEITO,25,PFL,PARTIDO DA FRENTE LIBERAL ,-1,NULO,PFL,15474,2,MASCULINO,2,ELEICOES ORDINARIAS,ESTADUAIS,-1,NULO,-1,-1,NULO,-1,NULO,-1,NULO,-1,-1
3/6/2013,19:06:38,1986,1,ELEICOES 1986,PI,PI,7,-1,-1,KLEBER DANTAS EULALIO,NULO,DEPUTADO ESTADUAL,-1,NULO,2,DEFERIDO,1,ELEITO,15,PMDB,PARTIDO DO MOVIMENTO DEMOCRATICO BRASILEIRO,-1,OPOSICOES COLIGADAS,PMDB / PDS / PCB / PCdoB,10355,2,MASCULINO,2,ELEICOES ORDINARIAS,ESTADUAIS,-1,NULO,-1,-1,NULO,-1,NULO,-1,NULO,-1,-1
3/6/2013,19:06:38,1986,1,ELEICOES 1986,PI,PI,7,-1,-1,KLEBER DO REGO MONTEIRO,NULO,DEPUTADO ESTADUAL,-1,NULO,2,DEFERIDO,2,SUPLENTE,15,PMDB,PARTIDO DO MOVIMENTO DEMOCRATICO BRASILEIRO,-1,OPOSICOES COLIGADAS,PMDB / PDS / PCB / PCdoB,106,2,MASCULINO,2,ELEICOES ORDINARIAS,ESTADUAIS,-1,NULO,-1,-1,NULO,-1,NULO,-1,NULO,-1,-1
3/6/2013,19:06:38,1986,1,ELEICOES 1986,PI,PI,7,-1,-1,LAURENCE FERRO GOMES RAULINO,NULO,DEPUTADO ESTADUAL,-1,NULO,2,DEFERIDO,4,NAO ELEITO,12,PDT,PARTIDO DEMOCRATICO TRABALHISTA,-1,NULO,PDT,540,2,MASCULINO,2,ELEICOES ORDINARIAS,ESTADUAIS,-1,NULO,-1,-1,NULO,-1,NULO,-1,NULO,-1,-1
3/6/2013,19:06:38,1986,1,ELEICOES 1986,PI,PI,7,-1,-1,LINDOMAR RODRIGUES CAMPELO,NULO,DEPUTADO ESTADUAL,-1,NULO,2,DEFERIDO,2,SUPLENTE,15,PMDB,PARTIDO DO MOVIMENTO DEMOCRATICO BRASILEIRO,-1,OPOSICOES COLIGADAS,PMDB / PDS / PCB / PCdoB,425,2,MASCULINO,2,ELEICOES ORDINARIAS,ESTADUAIS,-1,NULO,-1,-1,NULO,-1,NULO,-1,NULO,-1,-1
3/6/2013,19:06:38,1986,1,ELEICOES 1986,PI,PI,7,-1,-1,LUCIANO NUNES SANTOS,NULO,DEPUTADO ESTADUAL,-1,NULO,2,DEFERIDO,1,ELEITO,15,PMDB,PARTIDO DO MOVIMENTO DEMOCRATICO BRASILEIRO,-1,OPOSICOES COLIGADAS,PMDB / PDS / PCB / PCdoB,11749,2,MASCULINO,2,ELEICOES ORDINARIAS,ESTADUAIS,-1,NULO,-1,-1,NULO,-1,NULO,-1,NULO,-1,-1
3/6/2013,19:06:38,1986,1,ELEICOES 1986,PI,PI,7,-1,-1,LUCIOLA DE SOUSA MOURA,NULO,DEPUTADO ESTADUAL,-1,NULO,2,DEFERIDO,4,NAO ELEITO,13,PT,PARTIDO DOS TRABALHADORES,-1,NULO,PT,4,4,FEMININO,2,ELEICOES ORDINARIAS,ESTADUAIS,-1,NULO,-1,-1,NULO,-1,NULO,-1,NULO,-1,-1
3/6/2013,19:06:38,1986,1,ELEICOES 1986,PI,PI,7,-1,-1,LUIS DE OLIVEIRA COSTA,NULO,DEPUTADO ESTADUAL,-1,NULO,2,DEFERIDO,4,NAO ELEITO,12,PDT,PARTIDO DEMOCRATICO TRABALHISTA,-1,NULO,PDT,469,2,MASCULINO,2,ELEICOES ORDINARIAS,ESTADUAIS,-1,NULO,-1,-1,NULO,-1,NULO,-1,NULO,-1,-1
3/6/2013,19:06:38,1986,1,ELEICOES 1986,PI,PI,7,-1,-1,LUIZ CARLOS RODRIGUES CRUZ,NULO,DEPUTADO ESTADUAL,-1,NULO,2,DEFERIDO,2,SUPLENTE,15,PMDB,PARTIDO DO MOVIMENTO DEMOCRATICO BRASILEIRO,-1,OPOSICOES COLIGADAS,PMDB / PDS / PCB / PCdoB,75,2,MASCULINO,2,ELEICOES ORDINARIAS,ESTADUAIS,-1,NULO,-1,-1,NULO,-1,NULO,-1,NULO,-1,-1
3/6/2013,19:06:38,1986,1,ELEICOES 1986,PI,PI,7,-1,-1,LUIZ FERRAZ,NULO,DEPUTADO ESTADUAL,-1,NULO,2,DEFERIDO,2,SUPLENTE,25,PFL,PARTIDO DA FRENTE LIBERAL ,-1,NULO,PFL,9068,2,MASCULINO,2,ELEICOES ORDINARIAS,ESTADUAIS,-1,NULO,-1,-1,NULO,-1,NULO,-1,NULO,-1,-1
3/6/2013,19:06:38,1986,1,ELEICOES 1986,PI,PI,7,-1,-1,LUIZ GONZAGA PAES LANDIM,NULO,DEPUTADO ESTADUAL,-1,NULO,2,DEFERIDO,1,ELEITO,25,PFL,PARTIDO DA FRENTE LIBERAL ,-1,NULO,PFL,12381,2,MASCULINO,2,ELEICOES ORDINARIAS,ESTADUAIS,-1,NULO,-1,-1,NULO,-1,NULO,-1,NULO,-1,-1
3/6/2013,19:06:38,1986,1,ELEICOES 1986,PI,PI,7,-1,-1,MANOEL CIRIACO NETO,NULO,DEPUTADO ESTADUAL,-1,NULO,2,DEFERIDO,2,SUPLENTE,24,PCdoB,PARTIDO COMUNISTA DO BRASIL,-1,OPOSICOES COLIGADAS,PMDB / PDS / PCB / PCdoB,13,2,MASCULINO,2,ELEICOES ORDINARIAS,ESTADUAIS,-1,NULO,-1,-1,NULO,-1,NULO,-1,NULO,-1,-1
3/6/2013,19:06:38,1986,1,ELEICOES 1986,PI,PI,7,-1,-1,MANOEL MENDES SOARES,NULO,DEPUTADO ESTADUAL,-1,NULO,2,DEFERIDO,4,NAO ELEITO,12,PDT,PARTIDO DEMOCRATICO TRABALHISTA,-1,NULO,PDT,16,2,MASCULINO,2,ELEICOES ORDINARIAS,ESTADUAIS,-1,NULO,-1,-1,NULO,-1,NULO,-1,NULO,-1,-1
3/6/2013,19:06:38,1986,1,ELEICOES 1986,PI,PI,7,-1,-1,MARCELO COSTA E CASTRO,NULO,DEPUTADO ESTADUAL,-1,NULO,2,DEFERIDO,1,ELEITO,15,PMDB,PARTIDO DO MOVIMENTO DEMOCRATICO BRASILEIRO,-1,OPOSICOES COLIGADAS,PMDB / PDS / PCB / PCdoB,26708,2,MASCULINO,2,ELEICOES ORDINARIAS,ESTADUAIS,-1,NULO,-1,-1,NULO,-1,NULO,-1,NULO,-1,-1
3/6/2013,19:06:38,1986,1,ELEICOES 1986,PI,PI,7,-1,-1,MARCELO DO EGITO COELHO,NULO,DEPUTADO ESTADUAL,-1,NULO,2,DEFERIDO,1,ELEITO,11,PDS,PARTIDO DEMOCRATICO SOCIAL,-1,OPOSICOES COLIGADAS,PMDB / PDS / PCB / PCdoB,15630,2,MASCULINO,2,ELEICOES ORDINARIAS,ESTADUAIS,-1,NULO,-1,-1,NULO,-1,NULO,-1,NULO,-1,-1
3/6/2013,19:06:38,1986,1,ELEICOES 1986,PI,PI,7,-1,-1,MARCOS ANTONIO DE MEDEIROS PARENTE,NULO,DEPUTADO ESTADUAL,-1,NULO,2,DEFERIDO,2,SUPLENTE,15,PMDB,PARTIDO DO MOVIMENTO DEMOCRATICO BRASILEIRO,-1,OPOSICOES COLIGADAS,PMDB / PDS / PCB / PCdoB,5736,2,MASCULINO,2,ELEICOES ORDINARIAS,ESTADUAIS,-1,NULO,-1,-1,NULO,-1,NULO,-1,NULO,-1,-1
3/6/2013,19:06:38,1986,1,ELEICOES 1986,PI,PI,7,-1,-1,MARIA DO SOCORRO LIRA MONTEIRO,NULO,DEPUTADO ESTADUAL,-1,NULO,2,DEFERIDO,2,SUPLENTE,24,PCdoB,PARTIDO COMUNISTA DO BRASIL,-1,OPOSICOES COLIGADAS,PMDB / PDS / PCB / PCdoB,6,4,FEMININO,2,ELEICOES ORDINARIAS,ESTADUAIS,-1,NULO,-1,-1,NULO,-1,NULO,-1,NULO,-1,-1
3/6/2013,19:06:38,1986,1,ELEICOES 1986,PI,PI,7,-1,-1,MARIO RAULINO FILHO,NULO,DEPUTADO ESTADUAL,-1,NULO,2,DEFERIDO,2,SUPLENTE,11,PDS,PARTIDO DEMOCRATICO SOCIAL,-1,OPOSICOES COLIGADAS,PMDB / PDS / PCB / PCdoB,2388,2,MASCULINO,2,ELEICOES ORDINARIAS,ESTADUAIS,-1,NULO,-1,-1,NULO,-1,NULO,-1,NULO,-1,-1
3/6/2013,19:06:38,1986,1,ELEICOES 1986,PI,PI,7,-1,-1,MAURICIO RIBEIRO MELO,NULO,DEPUTADO ESTADUAL,-1,NULO,2,DEFERIDO,1,ELEITO,25,PFL,PARTIDO DA FRENTE LIBERAL ,-1,NULO,PFL,18330,2,MASCULINO,2,ELEICOES ORDINARIAS,ESTADUAIS,-1,NULO,-1,-1,NULO,-1,NULO,-1,NULO,-1,-1
3/6/2013,19:06:38,1986,1,ELEICOES 1986,PI,PI,7,-1,-1,MIGUEL CARDOSO DE OLIVEIRA,NULO,DEPUTADO ESTADUAL,-1,NULO,2,DEFERIDO,2,SUPLENTE,24,PCdoB,PARTIDO COMUNISTA DO BRASIL,-1,OPOSICOES COLIGADAS,PMDB / PDS / PCB / PCdoB,8,2,MASCULINO,2,ELEICOES ORDINARIAS,ESTADUAIS,-1,NULO,-1,-1,NULO,-1,NULO,-1,NULO,-1,-1
3/6/2013,19:06:38,1986,1,ELEICOES 1986,PI,PI,7,-1,-1,MILTON LUSTOSA NOGUEIRA DE ARAUJO,NULO,DEPUTADO ESTADUAL,-1,NULO,2,DEFERIDO,2,SUPLENTE,15,PMDB,PARTIDO DO MOVIMENTO DEMOCRATICO BRASILEIRO,-1,OPOSICOES COLIGADAS,PMDB / PDS / PCB / PCdoB,7380,2,MASCULINO,2,ELEICOES ORDINARIAS,ESTADUAIS,-1,NULO,-1,-1,NULO,-1,NULO,-1,NULO,-1,-1
3/6/2013,19:06:38,1986,1,ELEICOES 1986,PI,PI,7,-1,-1,MODESTO PAULINO DE OLIVEIRA NETO,NULO,DEPUTADO ESTADUAL,-1,NULO,2,DEFERIDO,2,SUPLENTE,15,PMDB,PARTIDO DO MOVIMENTO DEMOCRATICO BRASILEIRO,-1,OPOSICOES COLIGADAS,PMDB / PDS / PCB / PCdoB,5050,2,MASCULINO,2,ELEICOES ORDINARIAS,ESTADUAIS,-1,NULO,-1,-1,NULO,-1,NULO,-1,NULO,-1,-1
3/6/2013,19:06:38,1986,1,ELEICOES 1986,PI,PI,7,-1,-1,NEWTON DE CASTRO MACEDO,NULO,DEPUTADO ESTADUAL,-1,NULO,2,DEFERIDO,1,ELEITO,11,PDS,PARTIDO DEMOCRATICO SOCIAL,-1,OPOSICOES COLIGADAS,PMDB / PDS / PCB / PCdoB,8560,2,MASCULINO,2,ELEICOES ORDINARIAS,ESTADUAIS,-1,NULO,-1,-1,NULO,-1,NULO,-1,NULO,-1,-1
3/6/2013,19:06:38,1986,1,ELEICOES 1986,PI,PI,7,-1,-1,NEWTON NUNES DE LIMA,NULO,DEPUTADO ESTADUAL,-1,NULO,2,DEFERIDO,4,NAO ELEITO,12,PDT,PARTIDO DEMOCRATICO TRABALHISTA,-1,NULO,PDT,870,2,MASCULINO,2,ELEICOES ORDINARIAS,ESTADUAIS,-1,NULO,-1,-1,NULO,-1,NULO,-1,NULO,-1,-1
3/6/2013,19:06:38,1986,1,ELEICOES 1986,PI,PI,7,-1,-1,OFELIO DAS CHAGAS LEITAO FILHO,NULO,DEPUTADO ESTADUAL,-1,NULO,2,DEFERIDO,2,SUPLENTE,15,PMDB,PARTIDO DO MOVIMENTO DEMOCRATICO BRASILEIRO,-1,OPOSICOES COLIGADAS,PMDB / PDS / PCB / PCdoB,225,-1,NULO,2,ELEICOES ORDINARIAS,ESTADUAIS,-1,NULO,-1,-1,NULO,-1,NULO,-1,NULO,-1,-1
3/6/2013,19:06:38,1986,1,ELEICOES 1986,PI,PI,7,-1,-1,OLESIO COUTINHO FILHO,NULO,DEPUTADO ESTADUAL,-1,NULO,2,DEFERIDO,2,SUPLENTE,15,PMDB,PARTIDO DO MOVIMENTO DEMOCRATICO BRASILEIRO,-1,OPOSICOES COLIGADAS,PMDB / PDS / PCB / PCdoB,6822,2,MASCULINO,2,ELEICOES ORDINARIAS,ESTADUAIS,-1,NULO,-1,-1,NULO,-1,NULO,-1,NULO,-1,-1
3/6/2013,19:06:38,1986,1,ELEICOES 1986,PI,PI,7,-1,-1,ORIEL MARCOS DE CARVALHO,NULO,DEPUTADO ESTADUAL,-1,NULO,2,DEFERIDO,2,SUPLENTE,11,PDS,PARTIDO DEMOCRATICO SOCIAL,-1,OPOSICOES COLIGADAS,PMDB / PDS / PCB / PCdoB,35,2,MASCULINO,2,ELEICOES ORDINARIAS,ESTADUAIS,-1,NULO,-1,-1,NULO,-1,NULO,-1,NULO,-1,-1
3/6/2013,19:06:38,1986,1,ELEICOES 1986,PI,PI,7,-1,-1,OSMAR ANTONIO DE ARAUJO,NULO,DEPUTADO ESTADUAL,-1,NULO,2,DEFERIDO,2,SUPLENTE,15,PMDB,PARTIDO DO MOVIMENTO DEMOCRATICO BRASILEIRO,-1,OPOSICOES COLIGADAS,PMDB / PDS / PCB / PCdoB,1824,2,MASCULINO,2,ELEICOES ORDINARIAS,ESTADUAIS,-1,NULO,-1,-1,NULO,-1,NULO,-1,NULO,-1,-1
3/6/2013,19:06:38,1986,1,ELEICOES 1986,PI,PI,7,-1,-1,OSVALDO ALVES E SILVA,NULO,DEPUTADO ESTADUAL,-1,NULO,2,DEFERIDO,4,NAO ELEITO,12,PDT,PARTIDO DEMOCRATICO TRABALHISTA,-1,NULO,PDT,18,2,MASCULINO,2,ELEICOES ORDINARIAS,ESTADUAIS,-1,NULO,-1,-1,NULO,-1,NULO,-1,NULO,-1,-1
3/6/2013,19:06:38,1986,1,ELEICOES 1986,PI,PI,7,-1,-1,OZEAS DE SOUSA LIMA,NULO,DEPUTADO ESTADUAL,-1,NULO,2,DEFERIDO,4,NAO ELEITO,13,PT,PARTIDO DOS TRABALHADORES,-1,NULO,PT,13,2,MASCULINO,2,ELEICOES ORDINARIAS,ESTADUAIS,-1,NULO,-1,-1,NULO,-1,NULO,-1,NULO,-1,-1
3/6/2013,19:06:38,1986,1,ELEICOES 1986,PI,PI,7,-1,-1,OZILDO BATISTA DE BARROS,NULO,DEPUTADO ESTADUAL,-1,NULO,2,DEFERIDO,4,NAO ELEITO,12,PDT,PARTIDO DEMOCRATICO TRABALHISTA,-1,NULO,PDT,2178,2,MASCULINO,2,ELEICOES ORDINARIAS,ESTADUAIS,-1,NULO,-1,-1,NULO,-1,NULO,-1,NULO,-1,-1
3/6/2013,19:06:38,1986,1,ELEICOES 1986,PI,PI,7,-1,-1,PAULO CARVALHO FILHO,NULO,DEPUTADO ESTADUAL,-1,NULO,2,DEFERIDO,4,NAO ELEITO,13,PT,PARTIDO DOS TRABALHADORES,-1,NULO,PT,21,2,MASCULINO,2,ELEICOES ORDINARIAS,ESTADUAIS,-1,NULO,-1,-1,NULO,-1,NULO,-1,NULO,-1,-1
3/6/2013,19:06:38,1986,1,ELEICOES 1986,PI,PI,7,-1,-1,PAULO ROBERTO MIRANDA TORRES,NULO,DEPUTADO ESTADUAL,-1,NULO,2,DEFERIDO,4,NAO ELEITO,12,PDT,PARTIDO DEMOCRATICO TRABALHISTA,-1,NULO,PDT,324,2,MASCULINO,2,ELEICOES ORDINARIAS,ESTADUAIS,-1,NULO,-1,-1,NULO,-1,NULO,-1,NULO,-1,-1
3/6/2013,19:06:38,1986,1,ELEICOES 1986,PI,PI,7,-1,-1,PEDRO PORTELA,NULO,DEPUTADO ESTADUAL,-1,NULO,2,DEFERIDO,2,SUPLENTE,11,PDS,PARTIDO DEMOCRATICO SOCIAL,-1,OPOSICOES COLIGADAS,PMDB / PDS / PCB / PCdoB,50,2,MASCULINO,2,ELEICOES ORDINARIAS,ESTADUAIS,-1,NULO,-1,-1,NULO,-1,NULO,-1,NULO,-1,-1
3/6/2013,19:06:38,1986,1,ELEICOES 1986,PI,PI,7,-1,-1,RAIMUNDO DA COSTA LIMA,NULO,DEPUTADO ESTADUAL,-1,NULO,2,DEFERIDO,4,NAO ELEITO,13,PT,PARTIDO DOS TRABALHADORES,-1,NULO,PT,40,2,MASCULINO,2,ELEICOES ORDINARIAS,ESTADUAIS,-1,NULO,-1,-1,NULO,-1,NULO,-1,NULO,-1,-1
3/6/2013,19:06:38,1986,1,ELEICOES 1986,PI,PI,7,-1,-1,RAIMUNDO NONATO BONA,NULO,DEPUTADO ESTADUAL,-1,NULO,2,DEFERIDO,2,SUPLENTE,25,PFL,PARTIDO DA FRENTE LIBERAL ,-1,NULO,PFL,7960,2,MASCULINO,2,ELEICOES ORDINARIAS,ESTADUAIS,-1,NULO,-1,-1,NULO,-1,NULO,-1,NULO,-1,-1
3/6/2013,19:06:38,1986,1,ELEICOES 1986,PI,PI,7,-1,-1,RAIMUNDO NONATO DA CRUZ,NULO,DEPUTADO ESTADUAL,-1,NULO,2,DEFERIDO,4,NAO ELEITO,12,PDT,PARTIDO DEMOCRATICO TRABALHISTA,-1,NULO,PDT,315,2,MASCULINO,2,ELEICOES ORDINARIAS,ESTADUAIS,-1,NULO,-1,-1,NULO,-1,NULO,-1,NULO,-1,-1
3/6/2013,19:06:38,1986,1,ELEICOES 1986,PI,PI,7,-1,-1,RAIMUNDO NONATO VARANDA,NULO,DEPUTADO ESTADUAL,-1,NULO,2,DEFERIDO,2,SUPLENTE,25,PFL,PARTIDO DA FRENTE LIBERAL ,-1,NULO,PFL,1266,2,MASCULINO,2,ELEICOES ORDINARIAS,ESTADUAIS,-1,NULO,-1,-1,NULO,-1,NULO,-1,NULO,-1,-1
3/6/2013,19:06:38,1986,1,ELEICOES 1986,PI,PI,7,-1,-1,REGINALDO FERREIRA DA COSTA,NULO,DEPUTADO ESTADUAL,-1,NULO,2,DEFERIDO,4,NAO ELEITO,13,PT,PARTIDO DOS TRABALHADORES,-1,NULO,PT,477,2,MASCULINO,2,ELEICOES ORDINARIAS,ESTADUAIS,-1,NULO,-1,-1,NULO,-1,NULO,-1,NULO,-1,-1
3/6/2013,19:06:38,1986,1,ELEICOES 1986,PI,PI,7,-1,-1,REINALDO MENDES DE OLIVEIRA,NULO,DEPUTADO ESTADUAL,-1,NULO,2,DEFERIDO,2,SUPLENTE,15,PMDB,PARTIDO DO MOVIMENTO DEMOCRATICO BRASILEIRO,-1,OPOSICOES COLIGADAS,PMDB / PDS / PCB / PCdoB,2006,2,MASCULINO,2,ELEICOES ORDINARIAS,ESTADUAIS,-1,NULO,-1,-1,NULO,-1,NULO,-1,NULO,-1,-1
3/6/2013,19:06:38,1986,1,ELEICOES 1986,PI,PI,7,-1,-1,RENATO DE SOUSA LOPES,NULO,DEPUTADO ESTADUAL,-1,NULO,2,DEFERIDO,2,SUPLENTE,15,PMDB,PARTIDO DO MOVIMENTO DEMOCRATICO BRASILEIRO,-1,OPOSICOES COLIGADAS,PMDB / PDS / PCB / PCdoB,2538,2,MASCULINO,2,ELEICOES ORDINARIAS,ESTADUAIS,-1,NULO,-1,-1,NULO,-1,NULO,-1,NULO,-1,-1
3/6/2013,19:06:38,1986,1,ELEICOES 1986,PI,PI,7,-1,-1,ROBERT ALMENDRA FREITAS,NULO,DEPUTADO ESTADUAL,-1,NULO,2,DEFERIDO,1,ELEITO,25,PFL,PARTIDO DA FRENTE LIBERAL ,-1,NULO,PFL,19231,2,MASCULINO,2,ELEICOES ORDINARIAS,ESTADUAIS,-1,NULO,-1,-1,NULO,-1,NULO,-1,NULO,-1,-1
3/6/2013,19:06:38,1986,1,ELEICOES 1986,PI,PI,7,-1,-1,ROBERTO CARVALHO VELOSO,NULO,DEPUTADO ESTADUAL,-1,NULO,2,DEFERIDO,2,SUPLENTE,24,PCdoB,PARTIDO COMUNISTA DO BRASIL,-1,OPOSICOES COLIGADAS,PMDB / PDS / PCB / PCdoB,25,2,MASCULINO,2,ELEICOES ORDINARIAS,ESTADUAIS,-1,NULO,-1,-1,NULO,-1,NULO,-1,NULO,-1,-1
3/6/2013,19:06:38,1986,1,ELEICOES 1986,PI,PI,7,-1,-1,RONALD PINHEIRO DA SILVA,NULO,DEPUTADO ESTADUAL,-1,NULO,2,DEFERIDO,4,NAO ELEITO,12,PDT,PARTIDO DEMOCRATICO TRABALHISTA,-1,NULO,PDT,1337,2,MASCULINO,2,ELEICOES ORDINARIAS,ESTADUAIS,-1,NULO,-1,-1,NULO,-1,NULO,-1,NULO,-1,-1
3/6/2013,19:06:38,1986,1,ELEICOES 1986,PI,PI,7,-1,-1,SABINO PAULO ALVES NETO,NULO,DEPUTADO ESTADUAL,-1,NULO,2,DEFERIDO,1,ELEITO,25,PFL,PARTIDO DA FRENTE LIBERAL ,-1,NULO,PFL,19196,2,MASCULINO,2,ELEICOES ORDINARIAS,ESTADUAIS,-1,NULO,-1,-1,NULO,-1,NULO,-1,NULO,-1,-1
3/6/2013,19:06:38,1986,1,ELEICOES 1986,PI,PI,7,-1,-1,SEBASTIAO ROCHA LEAL,NULO,DEPUTADO ESTADUAL,-1,NULO,2,DEFERIDO,1,ELEITO,25,PFL,PARTIDO DA FRENTE LIBERAL ,-1,NULO,PFL,22813,2,MASCULINO,2,ELEICOES ORDINARIAS,ESTADUAIS,-1,NULO,-1,-1,NULO,-1,NULO,-1,NULO,-1,-1
3/6/2013,19:06:38,1986,1,ELEICOES 1986,PI,PI,7,-1,-1,SERGIO LUIS COSTA SOARES,NULO,DEPUTADO ESTADUAL,-1,NULO,2,DEFERIDO,4,NAO ELEITO,13,PT,PARTIDO DOS TRABALHADORES,-1,NULO,PT,124,2,MASCULINO,2,ELEICOES ORDINARIAS,ESTADUAIS,-1,NULO,-1,-1,NULO,-1,NULO,-1,NULO,-1,-1
3/6/2013,19:06:38,1986,1,ELEICOES 1986,PI,PI,7,-1,-1,SIRLEY FERREIRA,NULO,DEPUTADO ESTADUAL,-1,NULO,2,DEFERIDO,4,NAO ELEITO,12,PDT,PARTIDO DEMOCRATICO TRABALHISTA,-1,NULO,PDT,425,4,FEMININO,2,ELEICOES ORDINARIAS,ESTADUAIS,-1,NULO,-1,-1,NULO,-1,NULO,-1,NULO,-1,-1
3/6/2013,19:06:38,1986,1,ELEICOES 1986,PI,PI,7,-1,-1,THEMISTOCLES DE SAMPAIO PEREIRA FILHO,NULO,DEPUTADO ESTADUAL,-1,NULO,2,DEFERIDO,1,ELEITO,15,PMDB,PARTIDO DO MOVIMENTO DEMOCRATICO BRASILEIRO,-1,OPOSICOES COLIGADAS,PMDB / PDS / PCB / PCdoB,9781,2,MASCULINO,2,ELEICOES ORDINARIAS,ESTADUAIS,-1,NULO,-1,-1,NULO,-1,NULO,-1,NULO,-1,-1
3/6/2013,19:06:38,1986,1,ELEICOES 1986,PI,PI,7,-1,-1,VALDECI GALVAO,NULO,DEPUTADO ESTADUAL,-1,NULO,2,DEFERIDO,4,NAO ELEITO,13,PT,PARTIDO DOS TRABALHADORES,-1,NULO,PT,567,2,MASCULINO,2,ELEICOES ORDINARIAS,ESTADUAIS,-1,NULO,-1,-1,NULO,-1,NULO,-1,NULO,-1,-1
3/6/2013,19:06:38,1986,1,ELEICOES 1986,PI,PI,7,-1,-1,VALDEMIR DO REGO MOTTA,NULO,DEPUTADO ESTADUAL,-1,NULO,2,DEFERIDO,2,SUPLENTE,15,PMDB,PARTIDO DO MOVIMENTO DEMOCRATICO BRASILEIRO,-1,OPOSICOES COLIGADAS,PMDB / PDS / PCB / PCdoB,6141,2,MASCULINO,2,ELEICOES ORDINARIAS,ESTADUAIS,-1,NULO,-1,-1,NULO,-1,NULO,-1,NULO,-1,-1
3/6/2013,19:06:38,1986,1,ELEICOES 1986,PI,PI,7,-1,-1,VICENTE RIBEIRO GONCALVES JUNIOR,NULO,DEPUTADO ESTADUAL,-1,NULO,2,DEFERIDO,2,SUPLENTE,25,PFL,PARTIDO DA FRENTE LIBERAL ,-1,NULO,PFL,8316,2,MASCULINO,2,ELEICOES ORDINARIAS,ESTADUAIS,-1,NULO,-1,-1,NULO,-1,NULO,-1,NULO,-1,-1
3/6/2013,19:06:38,1986,1,ELEICOES 1986,PI,PI,7,-1,-1,VOLMAR MIRANDA,NULO,DEPUTADO ESTADUAL,-1,NULO,2,DEFERIDO,2,SUPLENTE,15,PMDB,PARTIDO DO MOVIMENTO DEMOCRATICO BRASILEIRO,-1,OPOSICOES COLIGADAS,PMDB / PDS / PCB / PCdoB,2840,4,FEMININO,2,ELEICOES ORDINARIAS,ESTADUAIS,-1,NULO,-1,-1,NULO,-1,NULO,-1,NULO,-1,-1
3/6/2013,19:06:38,1986,1,ELEICOES 1986,PI,PI,7,-1,-1,WALDEI MANOEL RODRIGUES,NULO,DEPUTADO ESTADUAL,-1,NULO,2,DEFERIDO,2,SUPLENTE,25,PFL,PARTIDO DA FRENTE LIBERAL ,-1,NULO,PFL,1381,2,MASCULINO,2,ELEICOES ORDINARIAS,ESTADUAIS,-1,NULO,-1,-1,NULO,-1,NULO,-1,NULO,-1,-1
3/6/2013,19:06:38,1986,1,ELEICOES 1986,PI,PI,7,-1,-1,WALDEMAR DE CASTRO MACEDO,NULO,DEPUTADO ESTADUAL,-1,NULO,2,DEFERIDO,1,ELEITO,25,PFL,PARTIDO DA FRENTE LIBERAL ,-1,NULO,PFL,22607,2,MASCULINO,2,ELEICOES ORDINARIAS,ESTADUAIS,-1,NULO,-1,-1,NULO,-1,NULO,-1,NULO,-1,-1
3/6/2013,19:06:38,1986,1,ELEICOES 1986,PI,PI,7,-1,-1,WARTON FRANCISCO NEIVA DE MOURA SANTOS,NULO,DEPUTADO ESTADUAL,-1,NULO,2,DEFERIDO,1,ELEITO,15,PMDB,PARTIDO DO MOVIMENTO DEMOCRATICO BRASILEIRO,-1,OPOSICOES COLIGADAS,PMDB / PDS / PCB / PCdoB,20797,2,MASCULINO,2,ELEICOES ORDINARIAS,ESTADUAIS,-1,NULO,-1,-1,NULO,-1,NULO,-1,NULO,-1,-1
3/6/2013,19:06:38,1986,1,ELEICOES 1986,PI,PI,7,-1,-1,WILSON DE ANDRADE BRANDAO,NULO,DEPUTADO ESTADUAL,-1,NULO,2,DEFERIDO,1,ELEITO,25,PFL,PARTIDO DA FRENTE LIBERAL ,-1,NULO,PFL,13673,2,MASCULINO,2,ELEICOES ORDINARIAS,ESTADUAIS,-1,NULO,-1,-1,NULO,-1,NULO,-1,NULO,-1,-1
3/6/2013,19:06:38,1986,1,ELEICOES 1986,PI,PI,7,-1,-1,ZENAIDE BATISTA LUSTOSA NETA,NULO,DEPUTADO ESTADUAL,-1,NULO,2,DEFERIDO,4,NAO ELEITO,13,PT,PARTIDO DOS TRABALHADORES,-1,NULO,PT,32,4,FEMININO,2,ELEICOES ORDINARIAS,ESTADUAIS,-1,NULO,-1,-1,NULO,-1,NULO,-1,NULO,-1,-1
